sn|family_apgiv|genus_apgiv|genus_zh|genus_accepted|genus_accepted_name
1|Acanthaceae|Asystasia|十萬錯屬|t|""
2|Acanthaceae|Asystasiella|擬馬偕花屬|t|""
1496|Acanthaceae|Avicennia|海茄冬屬|t|""
3|Acanthaceae|Blechum|賽山藍屬|t|""
4|Acanthaceae|Codonacanthus|針刺草屬|t|""
5|Acanthaceae|Dicliptera|華九頭獅子草屬|t|""
6|Acanthaceae|Dipteracanthus|楠草屬|t|""
7|Acanthaceae|Hemigraphis|半插花屬|t|""
8|Acanthaceae|Hygrophila|水蓑衣屬|t|""
9|Acanthaceae|Hypoestes|槍刀菜屬|t|""
10|Acanthaceae|Justicia|爵床屬|t|""
11|Acanthaceae|Kudoacanthus|銀脈爵床屬|t|""
12|Acanthaceae|Lepidagathis|鱗球花屬|t|""
13|Acanthaceae|Peristrophe|九頭獅子草屬|t|""
14|Acanthaceae|Ruellia|蘆利草屬|t|""
15|Acanthaceae|Rungia|明萼草屬|t|""
16|Acanthaceae|Staurogyne|哈哼花屬|t|""
17|Acanthaceae|Strobilanthes|馬藍屬|t|""
18|Acanthaceae|Thunbergia|鄧伯花屬|t|""
19|Acoraceae|Acorus|菖蒲屬|t|""
20|Actinidiaceae|Actinidia|獼猴桃屬|t|""
21|Actinidiaceae|Saurauia|水冬瓜屬|t|""
22|Adoxaceae|Sambucus|接骨木屬|t|""
23|Adoxaceae|Viburnum|莢蒾屬|t|""
24|Aizoaceae|Aptenia|露草屬|t|""
25|Aizoaceae|Sesuvium|海馬齒屬|t|""
26|Aizoaceae|Tetragonia|番杏屬|t|""
27|Aizoaceae|Trianthema|假海馬齒屬|t|""
28|Aizoaceae|Trianthemum|假海馬齒屬|f|Trianthema
29|Akaniaceae|Bretschneidera|鐘萼木屬|t|""
30|Alismataceae|Alisma|澤瀉屬|t|""
31|Alismataceae|Caldesia|圓葉澤瀉屬|t|""
32|Alismataceae|Hydrocleys|水金英屬|t|""
33|Alismataceae|Sagittaria|慈姑屬|t|""
34|Altingiaceae|Liquidambar|楓香屬|t|""
35|Amaranthaceae|Achyranthes|牛膝屬|t|""
36|Amaranthaceae|Aerva|絹毛屬|t|""
37|Amaranthaceae|Alternanthera|蓮子草屬|t|""
38|Amaranthaceae|Amaranthus|莧屬|t|""
39|Amaranthaceae|Atriplex|濱藜屬|t|""
40|Amaranthaceae|Celosia|青葙屬|t|""
41|Amaranthaceae|Chenopodium|藜屬|t|""
42|Amaranthaceae|Cyathula|川牛膝屬|t|""
43|Amaranthaceae|Deeringia|漿果莧屬|t|""
44|Amaranthaceae|Gomphrena|千日紅屬|t|""
45|Amaranthaceae|Iresine|洋莧屬|t|""
46|Amaranthaceae|Philoxerus|安旱莧屬|t|""
47|Amaranthaceae|Pupalia|小花鉤牛膝屬|t|""
48|Amaranthaceae|Suaeda|鹼蓬屬|t|""
49|Amaryllidaceae|Allium|蔥屬|t|""
50|Amaryllidaceae|Crinum|文珠蘭屬|t|""
51|Amaryllidaceae|Lycoris|石蒜屬|t|""
52|Amaryllidaceae|Zephyranthes|蔥蓮屬|t|""
53|Anacardiaceae|Buchanania|山檨子屬|t|""
54|Anacardiaceae|Mangifera|檬果屬|t|""
55|Anacardiaceae|Pistacia|黃連木屬|t|""
56|Anacardiaceae|Rhus|漆樹屬|t|""
57|Anacardiaceae|Schinus|巴西胡椒木屬|t|""
58|Anacardiaceae|Semecarpus|大果漆屬|t|""
59|Annonaceae|Annona|番荔枝屬|t|""
60|Annonaceae|Artabotrys|鷹爪花屬|t|""
61|Annonaceae|Fissistigma|瓜馥木屬|t|""
62|Annonaceae|Goniothalamus|哥納香屬|t|""
63|Annonaceae|Polyalthia|暗羅屬|t|""
64|Apiaceae|Angelica|當歸屬|t|""
65|Apiaceae|Apium|芹屬|t|""
66|Apiaceae|Bupleurum|柴胡屬|t|""
67|Apiaceae|Centella|雷公根屬|t|""
68|Apiaceae|Chaerophyllum|細葉芹屬|t|""
69|Apiaceae|Cnidium|芎窮屬|t|""
70|Apiaceae|Conioselinum|彎柱芎屬|t|""
71|Apiaceae|Cryptotaenia|鴨兒芹屬|t|""
72|Apiaceae|Eryngium|刺芹屬|t|""
73|Apiaceae|Foeniculum|茴香屬|t|""
74|Apiaceae|Glehnia|濱防風屬|t|""
75|Apiaceae|Oenanthe|水芹菜屬|t|""
76|Apiaceae|Oreomyrrhis|山薰香屬|f|Chaerophyllum
77|Apiaceae|Osmorhiza|臭根屬|t|""
78|Apiaceae|Peucedanum|前胡屬|t|""
79|Apiaceae|Pimpinella|茴香屬|t|""
80|Apiaceae|Sanicula|山芹菜屬|t|""
81|Apiaceae|Sium|零餘子屬|t|""
82|Apiaceae|Torilis|竊衣屬|t|""
83|Apocynaceae|Adenium|沙漠玫瑰屬|t|""
84|Apocynaceae|Allamanda|黃蟬屬|t|""
85|Apocynaceae|Alstonia|雞骨常山屬|t|""
86|Apocynaceae|Alyxia|念珠藤屬|t|""
87|Apocynaceae|Anodendron|錦蘭屬|t|""
88|Apocynaceae|Asclepias|尖尾鳳屬|t|""
90|Apocynaceae|Catharanthus|長春花屬|t|""
91|Apocynaceae|Cerbera|海檬果屬|t|""
92|Apocynaceae|Cryptolepis|隱鱗藤屬|t|""
93|Apocynaceae|Cynanchum|牛皮消屬|t|""
94|Apocynaceae|Dischidia|風不動屬|t|""
95|Apocynaceae|Dregea|華他卡藤屬|t|""
96|Apocynaceae|Ecdysanthera|酸藤屬|t|""
97|Apocynaceae|Gymnema|武靴藤屬|t|""
98|Apocynaceae|Heterostemma|布朗藤屬|t|""
99|Apocynaceae|Holarrhena|止瀉木屬|t|""
100|Apocynaceae|Hoya|毬蘭屬|t|""
101|Apocynaceae|Jasminanthes|舌瓣花屬|t|""
102|Apocynaceae|Marsdenia|牛彌菜屬|t|""
103|Apocynaceae|Melodinus|山橙屬|t|""
104|Apocynaceae|Nerium|夾竹桃屬|t|""
105|Apocynaceae|Parsonsia|爬森藤屬|t|""
89|Apocynaceae|Pergularia|番瑞香屬|f|Asclepias
106|Apocynaceae|Plumeria|緬梔屬|t|""
107|Apocynaceae|Rauvolfia|蘿芙木屬|t|""
108|Apocynaceae|Tabernaemontana|馬蹄花屬|t|""
109|Apocynaceae|Telosma|夜香花屬|t|""
110|Apocynaceae|Trachelospermum|絡石屬|t|""
111|Apocynaceae|Tylophora|歐蔓屬|t|""
112|Aponogetonaceae|Aponogeton|水蕹屬|t|""
113|Aquifoliaceae|Ilex|冬青屬|t|""
114|Araceae|Alocasia|海芋屬|t|""
115|Araceae|Amorphophallus|蒟蒻屬|t|""
116|Araceae|Arisaema|天南星屬|t|""
117|Araceae|Caladium|花葉芋屬|t|""
118|Araceae|Colocasia|芋屬|t|""
119|Araceae|Dieffenbachia|花葉萬年青屬|t|""
120|Araceae|Epipremnum|拎樹藤屬|t|""
121|Araceae|Homalomena|扁葉芋屬|t|""
122|Araceae|Lasia|刺芋屬|t|""
123|Araceae|Lemna|青萍屬|t|""
124|Araceae|Monstera|龜背竹屬|t|""
125|Araceae|Philodendron|喜林芋屬|t|""
126|Araceae|Pinellia|半夏屬|t|""
127|Araceae|Pistia|大薸屬|t|""
128|Araceae|Pothoidium|假柚葉藤屬|t|""
129|Araceae|Pothos|柚葉藤屬|t|""
130|Araceae|Remusatia|目賊芋屬|t|""
131|Araceae|Rhaphidophora|利牟芋屬|t|""
132|Araceae|Schismatoglottis|落檐屬|t|""
133|Araceae|Spirodela|浮萍屬|t|""
134|Araceae|Syngonium|合果芋屬|t|""
135|Araceae|Typhonium|土半夏屬|t|""
136|Araceae|Wolffia|無根萍屬|t|""
137|Araceae|Xanthosoma|千年芋屬|t|""
138|Araliaceae|Aralia|刺楤屬|t|""
139|Araliaceae|Dendropanax|樹參屬|t|""
140|Araliaceae|Eleutherococcus|五函屬|t|""
141|Araliaceae|Fatsia|八角金盤屬|t|""
142|Araliaceae|Hedera|常春藤屬|t|""
143|Araliaceae|Hydrocotyle|天胡荽屬|t|""
144|Araliaceae|Osmoxylon|蘭嶼八角金盤屬|t|""
145|Araliaceae|Pentapanax|五葉參屬|t|""
146|Araliaceae|Schefflera|鵝掌柴屬|t|""
147|Araliaceae|Sinopanax|華參屬|t|""
148|Araliaceae|Tetrapanax|通脫木屬|t|""
149|Arecaceae|Areca|檳榔屬|t|""
150|Arecaceae|Arenga|山棕屬|t|""
151|Arecaceae|Calamus|省藤屬|t|""
152|Arecaceae|Chrysalidocarpus|散尾葵屬|t|""
153|Arecaceae|Cocos|椰子屬|t|""
154|Arecaceae|Livistona|蒲葵屬|t|""
155|Arecaceae|Phoenix|海棗屬|t|""
156|Arecaceae|Pinanga|山檳榔屬|t|""
157|Arecaceae|Rhapis|棕竹屬|t|""
158|Aristolochiaceae|Aristolochia|馬兜鈴屬|t|""
159|Aristolochiaceae|Asarum|細辛屬|t|""
160|Asparagaceae|Agave|龍舌蘭屬|t|""
161|Asparagaceae|Asparagus|天門冬屬|t|""
162|Asparagaceae|Aspidistra|蜘蛛抱蛋屬|t|""
163|Asparagaceae|Campylandra|萬年青屬|t|""
164|Asparagaceae|Cordyline|朱蕉屬|t|""
165|Asparagaceae|Disporopsis|假寶鐸花屬|t|""
166|Asparagaceae|Dracaena|龍血樹屬|t|""
168|Asparagaceae|Furcraea|萬年麻屬|t|""
167|Asparagaceae|Furcraea|萬年麻屬|f|Agave
169|Asparagaceae|Heteropolygonatum|異黃精屬|t|""
1493|Asparagaceae|Liriope|麥門冬屬|t|""
170|Asparagaceae|Maianthemum|舞鶴草屬|t|""
171|Asparagaceae|Nolina|酒瓶蘭屬|t|""
172|Asparagaceae|Ophiopogon|沿階草屬|t|""
173|Asparagaceae|Peliosanthes|球子草屬|t|""
174|Asparagaceae|Polygonatum|黃精屬|t|""
840|Asparagaceae|Rohdea|萬年青屬|t|""
175|Asparagaceae|Sansevieria|虎尾蘭屬|t|""
176|Asparagaceae|Scilla|綿棗兒屬|t|""
177|Asparagaceae|Smilacina|鹿藥屬|f|Maianthemum
178|Asparagaceae|Thysanotus|異蕊草屬|t|""
179|Asparagaceae|Yucca|王蘭屬|t|""
180|Asphodelaceae|Aloe|蘆薈屬|t|""
181|Asphodelaceae|Dianella|桔梗蘭屬|t|""
182|Asphodelaceae|Hemerocallis|萱草屬|t|""
183|Asteraceae|Acmella|金鈕扣屬|t|""
184|Asteraceae|Adenostemma|下田菊屬|t|""
185|Asteraceae|Ageratina|假藿香薊屬|t|""
186|Asteraceae|Ageratum|藿香薊屬|t|""
187|Asteraceae|Ainsliaea|鬼督郵屬|t|""
188|Asteraceae|Ambrosia|豬草屬|t|""
189|Asteraceae|Anaphalis|籟簫屬|t|""
190|Asteraceae|Artemisia|蒿屬|t|""
191|Asteraceae|Aster|紫菀屬|t|""
192|Asteraceae|Austroeupatorium|假澤蘭屬|t|""
193|Asteraceae|Bellis|雛菊屬|t|""
194|Asteraceae|Bidens|鬼針屬|t|""
195|Asteraceae|Blumea|艾納香屬|t|""
196|Asteraceae|Calyptocarpus|金腰箭舅屬|t|""
197|Asteraceae|Carpesium|天名精屬|t|""
198|Asteraceae|Carthamus|紅花屬|t|""
199|Asteraceae|Centipeda|石胡荽屬|t|""
200|Asteraceae|Centratherum|鈕扣花屬|t|""
201|Asteraceae|Chromolaena|香澤蘭屬|t|""
202|Asteraceae|Chrysanthemum|筒蒿屬|t|""
203|Asteraceae|Cichorium|菊苣屬|t|""
204|Asteraceae|Cirsium|薊屬|t|""
205|Asteraceae|Clibadium|蘇利南野菊屬|t|""
206|Asteraceae|Conyza|假蓬屬|t|""
207|Asteraceae|Coreopsis|金雞菊屬|t|""
208|Asteraceae|Cosmos|秋英屬|t|""
209|Asteraceae|Cotula|山莞荽屬|t|""
210|Asteraceae|Crassocephalum|昭和草屬|t|""
211|Asteraceae|Crepidiastrum|假黃鵪菜屬|t|""
212|Asteraceae|Crossostephium|蘄艾屬|t|""
213|Asteraceae|Dendranthema|菊屬|t|""
214|Asteraceae|Dichrocephala|魚眼草屬|t|""
215|Asteraceae|Echinops|漏盧屬|t|""
216|Asteraceae|Eclipta|鱧腸屬|t|""
217|Asteraceae|Elephantopus|地膽草屬|t|""
218|Asteraceae|Eleutheranthera|離葯金腰箭屬|t|""
219|Asteraceae|Emilia|紫背草屬|t|""
220|Asteraceae|Epaltes|鵝不食草屬|t|""
221|Asteraceae|Erechtites|饑荒草屬|t|""
222|Asteraceae|Erigeron|飛蓬屬|t|""
223|Asteraceae|Ethulia|都麗菊屬|t|""
224|Asteraceae|Eupatorium|澤蘭屬|t|""
225|Asteraceae|Farfugium|山菊屬|t|""
226|Asteraceae|Flaveria|黃頂菊屬|t|""
227|Asteraceae|Gaillardia|天人菊屬|t|""
228|Asteraceae|Galinsoga|小米菊屬|t|""
229|Asteraceae|Gerbera|大丁草屬|t|""
230|Asteraceae|Glossocardia|香茹屬|t|""
231|Asteraceae|Gnaphalium|鼠麴草屬|t|""
232|Asteraceae|Grangea|線球菊屬|t|""
233|Asteraceae|Guizotia|小油菊屬|t|""
234|Asteraceae|Gymnocoronis|光冠水菊屬|t|""
235|Asteraceae|Gynura|三七草屬|t|""
236|Asteraceae|Helianthus|向日葵屬|t|""
238|Asteraceae|Hemistepta|泥胡菜屬|f|Hemisteptia
237|Asteraceae|Hemisteptia|泥胡菜屬|t|""
239|Asteraceae|Heteropappus|狗娃花屬|t|""
240|Asteraceae|Hieracium|山柳菊屬|t|""
241|Asteraceae|Hypochaeris|貓兒菊屬|t|""
242|Asteraceae|Ixeridium|小苦蕒屬|t|""
243|Asteraceae|Ixeris|苦蕒菜屬|t|""
244|Asteraceae|Lactuca|萵苣屬|t|""
245|Asteraceae|Lagenophora|瓶頭草屬|t|""
246|Asteraceae|Laggera|六角草屬|t|""
247|Asteraceae|Lapsanastrum|稻搓菜屬|t|""
248|Asteraceae|Leontopodium|薄雪草屬|t|""
249|Asteraceae|Leucanthemum|濱菊屬|t|""
250|Asteraceae|Ligularia|橐吾屬|t|""
251|Asteraceae|Matricaria|野菊屬|t|""
252|Asteraceae|Microglossa|小舌菊屬|t|""
253|Asteraceae|Mikania|蔓澤蘭屬|t|""
254|Asteraceae|Myriactis|矮菊屬|t|""
255|Asteraceae|Nemosenecio|羽葉千里光屬|t|""
256|Asteraceae|Notoseris|紫菊屬|t|""
257|Asteraceae|Paraixeris|黃瓜菜屬|t|""
258|Asteraceae|Paraprenanthes|假福王草屬|t|""
259|Asteraceae|Parasenecio|蟹甲草屬|t|""
260|Asteraceae|Parthenium|銀膞菊屬|t|""
261|Asteraceae|Pertya|高野帚屬|t|""
262|Asteraceae|Petasites|款冬屬|t|""
263|Asteraceae|Picris|毛蓮菜屬|t|""
264|Asteraceae|Pluchea|闊苞菊屬|t|""
265|Asteraceae|Praxelis|貓腥草屬|t|""
266|Asteraceae|Pseudelephantopus|假地膽草屬|t|""
267|Asteraceae|Pseudoconyza|假蓬舅屬|t|""
268|Asteraceae|Pterocypsela|翅果菊屬|t|""
269|Asteraceae|Rhynchospermum|秋分草屬|t|""
270|Asteraceae|Saussurea|青木香屬|t|""
271|Asteraceae|Senecio|黃菀屬|t|""
272|Asteraceae|Sigesbeckia|豨薟屬|t|""
273|Asteraceae|Solidago|一枝黃花屬|t|""
274|Asteraceae|Soliva|假吐金菊屬|t|""
275|Asteraceae|Sonchus|苦苣菜屬|t|""
276|Asteraceae|Sphaeranthus|戴星草屬|t|""
277|Asteraceae|Synedrella|金腰箭屬|t|""
278|Asteraceae|Syneilesis|破傘菊屬|t|""
279|Asteraceae|Tagetes|孔雀草屬|t|""
280|Asteraceae|Taraxacum|蒲公英屬|t|""
281|Asteraceae|Tephroseris|狗舌草屬|t|""
282|Asteraceae|Tithonia|腫柄菊屬|t|""
283|Asteraceae|Tridax|長柄菊屬|t|""
284|Asteraceae|Vernonia|斑鳩菊屬|t|""
285|Asteraceae|Wedelia|蟛蜞菊屬|t|""
286|Asteraceae|Xanthium|蒼耳屬|t|""
287|Asteraceae|Youngia|黃鵪菜屬|t|""
288|Asteraceae|Zinnia|百日菊屬|t|""
289|Balanophoraceae|Balanophora|蛇菰屬|t|""
290|Balsaminaceae|Impatiens|鳳仙花屬|t|""
291|Basellaceae|Anredera|落葵薯屬|t|""
292|Basellaceae|Basella|落葵屬|t|""
293|Begoniaceae|Begonia|秋海棠屬|t|""
294|Berberidaceae|Berberis|小檗屬|t|""
295|Berberidaceae|Dysosma|八角蓮屬|t|""
296|Berberidaceae|Mahonia|十大功勞屬|t|""
297|Betulaceae|Alnus|赤楊屬|t|""
298|Betulaceae|Carpinus|千金榆屬|t|""
299|Betulaceae|Corylus|榛屬|t|""
300|Bignoniaceae|Radermachera|山菜豆屬|t|""
301|Bignoniaceae|Radermachia|山菜豆屬|f|Radermachera
302|Bignoniaceae|Spathodea|火焰樹屬|t|""
303|Bignoniaceae|Tecoma|黃鐘花屬|t|""
304|Boraginaceae|Bothriospermum|細纍子草屬|t|""
305|Boraginaceae|Cynoglossum|琉璃草屬|t|""
306|Boraginaceae|Lithospermum|紫草屬|t|""
307|Boraginaceae|Myosotis|勿忘草屬|t|""
308|Boraginaceae|Symphytum|聚合草屬|t|""
309|Boraginaceae|Thyrocarpus|盾果草屬|t|""
310|Boraginaceae|Trichodesma|碧果草屬|t|""
311|Boraginaceae|Trigonotis|附地草屬|t|""
312|Brassicaceae|Arabis|筷子芥屬|t|""
313|Brassicaceae|Barbarea|山芥屬|t|""
314|Brassicaceae|Brassica|蕓苔屬|t|""
315|Brassicaceae|Capsella|薺屬|t|""
316|Brassicaceae|Cardamine|碎米薺屬|t|""
317|Brassicaceae|Cochlearia|西洋山萮菜|t|""
318|Brassicaceae|Coronopus|濱芥屬|t|""
319|Brassicaceae|Draba|山薺屬|t|""
320|Brassicaceae|Eutrema|山葵屬|t|""
321|Brassicaceae|Lepidium|獨行菜屬|t|""
322|Brassicaceae|Nasturtium|豆瓣菜屬|t|""
323|Brassicaceae|Neslia|球果薺屬|t|""
324|Brassicaceae|Raphanus|萊服屬|t|""
325|Brassicaceae|Rapistrum|皺果薺屬|t|""
326|Brassicaceae|Rorippa|葶藶屬|t|""
327|Brassicaceae|Sisymbrium|抪娘蒿屬|t|""
328|Brassicaceae|Thlaspi|菥蓂屬|t|""
329|Brassicaceae|Wasabia|山葵屬|t|""
330|Bromeliaceae|Ananas|鳳梨屬|t|""
331|Burmanniaceae|Burmannia|水玉簪屬|t|""
332|Burmanniaceae|Gymnosiphon|小水玉簪屬|t|""
333|Burmanniaceae|Thismia|水玉杯屬|t|""
334|Buxaceae|Buxus|黃楊屬|t|""
335|Buxaceae|Pachysandra|三角咪屬|t|""
336|Buxaceae|Sarcococca|野扇花屬|t|""
337|Cabombaceae|Brasenia|蓴屬|t|""
338|Cabombaceae|Cabomba|穗蓴屬|t|""
339|Cactaceae|Cereus|六角柱屬|t|""
340|Cactaceae|Epiphyllum|曇花屬|t|""
341|Cactaceae|Hylocereus|量天尺屬|t|""
342|Cactaceae|Opuntia|仙人掌屬|t|""
343|Cactaceae|Selenicereus|蛇鞭柱屬|t|""
344|Calophyllaceae|Calophyllum|胡桐屬|t|""
345|Campanulaceae|Adenophora|沙參屬|t|""
346|Campanulaceae|Campanula|桔梗屬|t|""
347|Campanulaceae|Codonopsis|山奶草屬|t|""
348|Campanulaceae|Cyclocodon|土黨參屬|t|""
349|Campanulaceae|Hippobroma|馬醉草屬|t|""
350|Campanulaceae|Lobelia|山梗菜屬|t|""
351|Campanulaceae|Peracarpa|山桔梗屬|t|""
352|Campanulaceae|Triodanis|異檐花屬|t|""
353|Campanulaceae|Wahlenbergia|蘭花參屬|t|""
354|Cannabaceae|Aphananthe|糙葉樹屬|t|""
355|Cannabaceae|Celtis|朴屬|t|""
356|Cannabaceae|Humulus|葎草屬|t|""
357|Cannabaceae|Trema|山黃麻屬|t|""
358|Cannaceae|Canna|美人蕉屬|t|""
359|Capparaceae|Capparis|山柑屬|t|""
360|Capparaceae|Crateva|魚木屬|t|""
361|Caprifoliaceae|Abelia|六道木屬|f|Linnaea
362|Caprifoliaceae|Linnaea|北極花屬|t|""
363|Caprifoliaceae|Lonicera|忍冬屬|t|""
364|Caprifoliaceae|Patrinia|敗醬屬|t|""
365|Caprifoliaceae|Scabiosa|山蘿蔔屬|t|""
366|Caprifoliaceae|Triplostegia|雙參屬|t|""
367|Caprifoliaceae|Valeriana|纈草屬|t|""
368|Cardiopteridaceae|Gonocaryum|瓊欖屬|t|""
369|Caricaceae|Carica|番木瓜屬|t|""
370|Caryophyllaceae|Arenaria|無心菜屬|t|""
371|Caryophyllaceae|Cerastium|卷耳屬|t|""
372|Caryophyllaceae|Cucubalus|狗筋蔓屬|t|""
373|Caryophyllaceae|Dianthus|石竹屬|t|""
374|Caryophyllaceae|Drymaria|荷蓮豆草屬|t|""
375|Caryophyllaceae|Moehringia|種阜草屬|t|""
376|Caryophyllaceae|Polycarpaea|白鼓釘屬|t|""
377|Caryophyllaceae|Sagina|瓜槌草屬|t|""
378|Caryophyllaceae|Silene|蠅子草屬|t|""
379|Caryophyllaceae|Spergula|大爪草屬|t|""
380|Caryophyllaceae|Stellaria|繁縷屬|t|""
1492|Caryophyllaceae |Polycarpon|多莢草屬|t|
381|Casuarinaceae|Casuarina|木麻黃屬|t|""
382|Celastraceae|Celastrus|南蛇藤屬|t|""
383|Celastraceae|Euonymus|衛矛屬|t|""
384|Celastraceae|Maytenus|美登木屬|t|""
385|Celastraceae|Microtropis|假衛矛屬|t|""
386|Celastraceae|Parnassia|梅花草屬|t|""
387|Celastraceae|Tripterygium|雷公藤屬|t|""
388|Ceratophyllaceae|Ceratophyllum|金魚藻屬|t|""
389|Chloranthaceae|Chloranthus|金粟蘭屬|t|""
390|Chloranthaceae|Sarcandra|接骨木屬|t|""
391|Cleomaceae|Cleome|白花菜屬|t|""
392|Clusiaceae|Garcinia|福木屬|t|""
393|Colchicaceae|Disporum|寶鐸花屬|t|""
394|Coldeniaceae|Coldenia|生果草屬|t|""
395|Combretaceae|Lumnitzera|欖李屬|t|""
396|Combretaceae|Quisqualis|使君子屬|t|""
397|Combretaceae|Terminalia|欖仁屬|t|""
398|Commelinaceae|Amischotolype|穿鞘花屬|t|""
399|Commelinaceae|Belosynapsis|假紫萬年青屬|t|""
400|Commelinaceae|Callisia|大葉錦竹草屬|t|""
401|Commelinaceae|Commelina|鴨跖草屬|t|""
402|Commelinaceae|Cyanotis|鴨舌疝屬|t|""
403|Commelinaceae|Floscopa|蔓襄荷屬|t|""
404|Commelinaceae|Gibasis|細梗鴨跖草屬|t|""
405|Commelinaceae|Murdannia|水竹葉屬|t|""
406|Commelinaceae|Pollia|杜若屬|t|""
407|Commelinaceae|Rhoeo|紫萬年青屬|t|""
408|Commelinaceae|Rhopalephora|毛果竹葉菜屬|t|""
409|Commelinaceae|Setcreasea|紫錦草屬|t|""
410|Commelinaceae|Tradescantia|巴西水竹草屬|t|""
411|Commelinaceae|Zebrina|吊竹草屬|t|""
412|Connaraceae|Connarus|牛栓藤屬|t|""
413|Connaraceae|Rourea|紅葉藤屬|t|""
414|Convolvulaceae|Argyreia|朝顏屬|t|""
415|Convolvulaceae|Calystegia|濱旋花屬|t|""
416|Convolvulaceae|Cuscuta|菟絲子屬|t|""
417|Convolvulaceae|Dichondra|馬蹄金屬|t|""
418|Convolvulaceae|Erycibe|伊立基藤屬|t|""
419|Convolvulaceae|Evolvulus|土丁桂屬|t|""
420|Convolvulaceae|Hewittia|吊鐘藤屬|t|""
421|Convolvulaceae|Ipomoea|牽牛花屬|t|""
422|Convolvulaceae|Jacquemontia|娥房藤屬|t|""
423|Convolvulaceae|Lepistemon|鮮蕊藤屬|t|""
424|Convolvulaceae|Merremia|菜欒藤屬|t|""
425|Convolvulaceae|Operculina|盒果藤屬|t|""
426|Convolvulaceae|Stictocardia|大萼旋花屬|t|""
427|Convolvulaceae|Xenostegia|戟葉菜欒藤屬|t|""
428|Cordiaceae|Cordia|破布子屬|t|""
429|Coriariaceae|Coriaria|馬桑屬|t|""
430|Cornaceae|Alangium|八角楓屬|t|""
431|Cornaceae|Benthamidia|四照花屬|t|""
432|Cornaceae|Swida|梜木屬|t|""
433|Costaceae|Costus|閉鞘薑屬|t|""
434|Crassulaceae|Bryophyllum|落地生根屬|t|""
435|Crassulaceae|Crassula|青鎖龍屬|t|""
436|Crassulaceae|Echeveria|擬石蓮花屬|t|""
437|Crassulaceae|Hylotelephium|八寶屬|t|""
438|Crassulaceae|Kalanchoe|燈籠草屬|t|""
439|Crassulaceae|Sedum|佛甲草屬|t|""
440|Cucurbitaceae|Actinostemma|合子草屬|t|""
441|Cucurbitaceae|Benincasa|冬瓜屬|t|""
442|Cucurbitaceae|Citrullus|西瓜屬|t|""
443|Cucurbitaceae|Coccinia|紅瓜屬|t|""
444|Cucurbitaceae|Cucurbita|南瓜屬|t|""
445|Cucurbitaceae|Diplocyclos|雙輪瓜屬|t|""
446|Cucurbitaceae|Gymnopetalum|裸瓣瓜屬|t|""
447|Cucurbitaceae|Gynostemma|絞股藍屬|t|""
448|Cucurbitaceae|Lagenaria|葫蘆屬|t|""
449|Cucurbitaceae|Luffa|絲瓜屬|t|""
450|Cucurbitaceae|Melothria|垂瓜果屬|t|""
451|Cucurbitaceae|Momordica|苦瓜屬|t|""
452|Cucurbitaceae|Mukia|紅紐子屬|t|""
453|Cucurbitaceae|Neoalsomitra|穿山龍屬|t|""
454|Cucurbitaceae|Sechium|佛手瓜屬|t|""
455|Cucurbitaceae|Sicyos|刺果瓜屬|t|""
456|Cucurbitaceae|Siraitia|羅漢果屬|t|""
457|Cucurbitaceae|Solena|茅瓜屬|t|""
458|Cucurbitaceae|Thladiantha|青牛膽屬|t|""
459|Cucurbitaceae|Trichosanthes|括樓屬|t|""
460|Cucurbitaceae|Zehneria|馬㼎兒屬|t|""
461|Cymodoceaceae|Halodule|二葯藻屬|t|""
462|Cyperaceae|Actinoscirpus|大藨草屬|t|""
463|Cyperaceae|Bolboschoenus|塊莖藨草屬|t|""
464|Cyperaceae|Bulbostylis|球柱草屬|t|""
465|Cyperaceae|Carex|薹屬|t|""
466|Cyperaceae|Cladium|克拉莎屬|t|""
467|Cyperaceae|Cyperus|莎草屬|t|""
469|Cyperaceae|Diplacrum|裂穎茅屬|t|""
470|Cyperaceae|Eleocharis|荸薺屬|t|""
471|Cyperaceae|Fimbristylis|飄拂草屬|t|""
472|Cyperaceae|Fuirena|黑珠蒿屬|t|""
473|Cyperaceae|Gahnia|黑莎草屬|t|""
474|Cyperaceae|Hypolytrum|割雞芒屬|t|""
475|Cyperaceae|Kyllinga|水蜈蚣屬|t|""
476|Cyperaceae|Lepironia|石龍芻屬|t|""
477|Cyperaceae|Lipocarpha|湖瓜草屬|t|""
478|Cyperaceae|Mariscus|磚子苗屬|f|Cyperus
479|Cyperaceae|Pycreus|扁莎屬|t|""
480|Cyperaceae|Remirea|海濱莎屬|t|""
481|Cyperaceae|Rhynchospora|刺子莞屬|t|""
482|Cyperaceae|Schoenoplectus|擬莞屬|t|""
483|Cyperaceae|Schoenus|赤箭莎屬|t|""
484|Cyperaceae|Scirpus|莞屬|t|""
485|Cyperaceae|Scleria|珍珠茅屬|t|""
468|Cyperaceae|Torulinium|斷節莎屬|f|Cyperus
486|Cyperaceae|Trichophorum|針藺屬|t|""
487|Daphniphyllaceae|Daphniphyllum|虎皮楠屬|t|""
488|Diapensiaceae|Shortia|裂緣花屬|t|""
489|Didiereaceae|Portulacaria|馬齒莧樹屬|t|""
490|Dilleniaceae|Dillenia|五椏果屬|t|""
491|Dioscoreaceae|Dioscorea|薯蕷屬|t|""
492|Dioscoreaceae|Tacca|蒟蒻薯屬|t|""
493|Dipentodontaceae|Perrottetia|核子木屬|t|""
494|Droseraceae|Drosera|茅膏菜屬|t|""
495|Ebenaceae|Diospyros|柿樹屬|t|""
496|Ehretiaceae|Ehretia|厚殼樹屬|t|""
497|Elaeagnaceae|Elaeagnus|胡頹子屬|t|""
498|Elaeocarpaceae|Elaeocarpus|杜英屬|t|""
499|Elaeocarpaceae|Sloanea|猴歡喜屬|t|""
500|Elatinaceae|Bergia|伯格草屬|t|""
501|Elatinaceae|Elatine|溝繁縷屬|t|""
502|Ericaceae|Cheilotheca|水晶蘭屬|t|""
503|Ericaceae|Chimaphila|愛冬葉屬|t|""
504|Ericaceae|Enkianthus|吊鐘花屬|t|""
505|Ericaceae|Gaultheria|白珠樹屬|t|""
506|Ericaceae|Lyonia|南燭屬|t|""
507|Ericaceae|Moneses|單花鹿蹄草屬|t|""
508|Ericaceae|Monotropa|錫杖花屬|t|""
509|Ericaceae|Pieris|馬醉木屬|t|""
510|Ericaceae|Pyrola|鹿蹄草屬|t|""
511|Ericaceae|Rhododendron|杜鵑花屬|t|""
512|Ericaceae|Vaccinium|越橘屬|t|""
513|Eriocaulaceae|Eriocaulon|穀精草屬|t|""
514|Euphorbiaceae|Acalypha|鐵莧屬|t|""
515|Euphorbiaceae|Alchornea|山麻桿屬|t|""
516|Euphorbiaceae|Aleurites|石栗屬|t|""
1495|Euphorbiaceae|Astraea|裂葉巴豆屬|t|
517|Euphorbiaceae|Chamaesyce|地錦草屬|t|""
518|Euphorbiaceae|Claoxylon|假鐵莧屬|t|""
519|Euphorbiaceae|Codiaeum|變葉木屬|t|""
520|Euphorbiaceae|Croton|巴豆屬|t|""
521|Euphorbiaceae|Euphorbia|大戟屬|t|""
522|Euphorbiaceae|Excoecaria|土沉香屬|t|""
534|Euphorbiaceae|Gelonium|白樹屬|f|Suregada
523|Euphorbiaceae|Hevea|橡膠樹屬|t|""
524|Euphorbiaceae|Homonoia|水楊梅屬|t|""
525|Euphorbiaceae|Macaranga|血桐屬|t|""
526|Euphorbiaceae|Mallotus|野桐屬|t|""
527|Euphorbiaceae|Manihot|木薯屬|t|""
528|Euphorbiaceae|Melanolepis|蟲屎屬|t|""
529|Euphorbiaceae|Mercurialis|山靛屬|t|""
530|Euphorbiaceae|Omalanthus|圓葉血桐屬|t|""
531|Euphorbiaceae|Ricinus|蓖麻屬|t|""
532|Euphorbiaceae|Sapium|烏桕屬|t|""
533|Euphorbiaceae|Suregada|白樹屬|t|""
535|Fabaceae|Abrus|雞母珠屬|t|""
536|Fabaceae|Acacia|相思樹屬|t|""
537|Fabaceae|Aeschynomene|合萌屬|t|""
538|Fabaceae|Albizia|合歡屬|t|""
539|Fabaceae|Alysicarpus|煉莢豆屬|t|""
540|Fabaceae|Amphicarpaea|野毛扁豆屬|t|""
541|Fabaceae|Apios|土圞兒屬|t|""
542|Fabaceae|Arachis|花生屬|t|""
543|Fabaceae|Archidendron|頷垂豆屬|t|""
544|Fabaceae|Astragalus|紫雲英屬|t|""
545|Fabaceae|Bauhinia|羊蹄甲屬|t|""
546|Fabaceae|Caesalpinia|蘇木屬|t|""
547|Fabaceae|Cajanus|木豆屬|t|""
548|Fabaceae|Callerya|崖豆藤屬|t|""
549|Fabaceae|Calliandra|朱纓花屬|t|""
550|Fabaceae|Calopogonium|擬大豆屬|t|""
551|Fabaceae|Campylotropis|彎龍骨屬|t|""
552|Fabaceae|Canavalia|刀豆屬|t|""
553|Fabaceae|Cassia|決明屬|t|""
554|Fabaceae|Castanospermum|栗豆樹屬|t|""
555|Fabaceae|Centrosema|山珠豆屬|t|""
556|Fabaceae|Chamaecrista|假含羞草屬|t|""
557|Fabaceae|Christia|蝙蝠草屬|t|""
558|Fabaceae|Clitoria|蝶豆屬|t|""
560|Fabaceae|Codariocalyx|舞草屬|f|Codoriocalyx
559|Fabaceae|Codoriocalyx|舞草屬|t|""
561|Fabaceae|Crotalaria|野百合屬|t|""
562|Fabaceae|Cyamopsis|瓜兒豆屬|t|""
563|Fabaceae|Dalbergia|黃檀屬|t|""
564|Fabaceae|Delonix|鳳凰木屬|t|""
565|Fabaceae|Dendrolobium|木山螞蝗屬|t|""
566|Fabaceae|Derris|魚藤屬|t|""
567|Fabaceae|Desmanthus|草合歡屬|t|""
568|Fabaceae|Desmodium|山螞蝗屬|t|""
569|Fabaceae|Dolichos|扁豆屬|t|""
570|Fabaceae|Dumasia|山黑扁豆屬|t|""
571|Fabaceae|Dunbaria|野扁豆屬|t|""
572|Fabaceae|Dysolobium|毛豇豆屬|t|""
573|Fabaceae|Entada|鴨腱藤屬|t|""
574|Fabaceae|Eriosema|豬仔笠屬|t|""
575|Fabaceae|Erythrina|刺桐屬|t|""
576|Fabaceae|Euchresta|山豆根屬|t|""
577|Fabaceae|Flemingia|佛來明豆屬|t|""
578|Fabaceae|Galactia|乳豆屬|t|""
579|Fabaceae|Gleditsia|甹莢屬|t|""
580|Fabaceae|Glycine|大豆屬|t|""
581|Fabaceae|Haematoxylum|墨水樹屬|t|""
582|Fabaceae|Hylodesmum|長柄山螞蝗屬|t|""
583|Fabaceae|Indigofera|木藍屬|t|""
584|Fabaceae|Kummerowia|雞眼草屬|t|""
585|Fabaceae|Lablab|鵲豆屬|t|""
586|Fabaceae|Lespedeza|胡枝子屬|t|""
587|Fabaceae|Leucaena|銀合歡屬|t|""
588|Fabaceae|Lotus|百脈根屬|t|""
589|Fabaceae|Lupinus|羽扇豆屬|t|""
590|Fabaceae|Maackia|馬鞍樹屬|t|""
591|Fabaceae|Macroptilium|賽芻豆屬|t|""
592|Fabaceae|Macrotyloma|長硬皮豆屬|t|""
593|Fabaceae|Medicago|苜蓿屬|t|""
594|Fabaceae|Melilotus|草木樨屬|t|""
595|Fabaceae|Millettia|老荊藤屬|t|""
596|Fabaceae|Mimosa|含羞草屬|t|""
597|Fabaceae|Mucuna|血藤屬|t|""
598|Fabaceae|Neonotonia|爪哇大豆屬|t|""
599|Fabaceae|Neptunia|細枝水合歡屬|t|""
600|Fabaceae|Ohwia|小槐花屬|t|""
601|Fabaceae|Ormocarpum|濱槐屬|t|""
602|Fabaceae|Ormosia|紅豆樹屬|t|""
603|Fabaceae|Pachyrhizus|豆薯屬|t|""
604|Fabaceae|Pachyrrhizus|豆薯屬|f|Pachyrhizus
605|Fabaceae|Phaseolus|菜豆屬|t|""
606|Fabaceae|Phyllodium|排錢樹屬|t|""
607|Fabaceae|Psoralea|補骨脂屬|t|""
608|Fabaceae|Pterocarpus|紫檀屬|t|""
609|Fabaceae|Pueraria|葛藤屬|t|""
610|Fabaceae|Pycnospora|密子豆屬|t|""
611|Fabaceae|Rhynchosia|括根屬|t|""
612|Fabaceae|Samanea|雨樹屬|t|""
613|Fabaceae|Senna|黃槐屬|t|""
614|Fabaceae|Sesbania|田菁屬|t|""
615|Fabaceae|Smithia|坡油甘屬|t|""
616|Fabaceae|Sophora|苦參屬|t|""
617|Fabaceae|Stizolobium|黧豆屬|t|""
618|Fabaceae|Stylosanthes|筆花豆屬|t|""
619|Fabaceae|Tadehagi|胡蘆茶屬|t|""
620|Fabaceae|Tephrosia|灰毛豆屬|t|""
621|Fabaceae|Teramnus|野黃豆屬|t|""
622|Fabaceae|Trifolium|菽草屬|t|""
623|Fabaceae|Trigonella|胡蘆巴屬|t|""
624|Fabaceae|Uraria|兔尾草屬|t|""
625|Fabaceae|Vicia|蠶豆屬|t|""
626|Fabaceae|Vigna|豇豆屬|t|""
627|Fabaceae|Wisteria|紫藤屬|t|""
628|Fabaceae|Zornia|丁葵草屬|t|""
629|Fagaceae|Castanea|栗屬|t|""
630|Fagaceae|Castanopsis|栲屬|t|""
631|Fagaceae|Cyclobalanopsis|青剛櫟屬|f|Quercus
632|Fagaceae|Fagus|水青岡屬|t|""
633|Fagaceae|Limlia|楒屬|t|""
634|Fagaceae|Lithocarpus|石櫟屬|t|""
635|Fagaceae|Pasania|柯屬|f|Lithocarpus
636|Fagaceae|Quercus|櫟屬|t|""
637|Flagellariaceae|Flagellaria|鞭藤屬|t|""
638|Garryaceae|Aucuba|桃葉珊瑚屬|t|""
639|Gentianaceae|Centaurium|百金屬|t|""
640|Gentianaceae|Fagraea|灰莉屬|t|""
641|Gentianaceae|Gentiana|龍膽屬|t|""
642|Gentianaceae|Lomatogonium|肋柱花屬|t|""
643|Gentianaceae|Pterygocalyx|翼萼蔓屬|t|""
644|Gentianaceae|Swertia|當藥屬|t|""
645|Gentianaceae|Tripterospermum|肺形草屬|t|""
646|Geraniaceae|Erodium|牻牛兒苗屬|t|""
647|Geraniaceae|Geranium|老鸛草屬|t|""
648|Gesneriaceae|Aeschynanthus|長果藤屬|t|""
649|Gesneriaceae|Chirita|雙心皮草屬|f|Henckelia
650|Gesneriaceae|Conandron|苦苣苔屬|t|""
651|Gesneriaceae|Cyrtandra|偽苦苣苔屬|t|""
652|Gesneriaceae|Didymocarpus|長蒴苣苔屬|t|""
653|Gesneriaceae|Epithema|盾座苣苔屬|t|""
654|Gesneriaceae|Hemiboea|角桐草屬|t|""
655|Gesneriaceae|Henckelia|南洋苣苔屬|t|""
656|Gesneriaceae|Lysionotus|石吊蘭屬|t|""
657|Gesneriaceae|Metapetrocosmea|蛛毛苣苔屬|t|""
658|Gesneriaceae|Paraboea|旋莢木屬|t|""
659|Gesneriaceae|Rhynchoglossum|尖舌草屬|t|""
660|Gesneriaceae|Rhynchotechum|同蕊草屬|t|""
661|Gesneriaceae|Titanotrichum|俄氏草屬|t|""
662|Gesneriaceae|Whytockia|玉玲花屬|t|""
663|Goodeniaceae|Scaevola|草海桐屬|t|""
664|Grossulariaceae|Ribes|茶藨子屬|t|""
665|Haloragaceae|Haloragis|小二仙草屬|t|""
666|Haloragaceae|Myriophyllum|聚藻屬|t|""
667|Hamamelidaceae|Corylopsis|蠟瓣花屬|t|""
668|Hamamelidaceae|Distyliopsis|假蚊母樹屬|t|""
669|Hamamelidaceae|Distylium|蚊母樹屬|t|""
670|Hamamelidaceae|Eustigma|秀柱花屬|t|""
671|Hamamelidaceae|Loropetalum|檵木屬|t|""
672|Hamamelidaceae|Sycopsis|水絲梨屬|t|""
673|Heliotropiaceae|Heliotropium|天芹菜屬|t|""
674|Helwingiaceae|Helwingia|青莢葉屬|t|""
675|Hernandiaceae|Hernandia|蓮葉桐屬|t|""
676|Hernandiaceae|Illigera|青藤屬|t|""
677|Hydrangeaceae|Cardiandra|草紫陽花屬|f|Hydrangea
678|Hydrangeaceae|Deutzia|溲疏屬|t|""
679|Hydrangeaceae|Hydrangea|八仙花屬|t|""
680|Hydrangeaceae|Pileostegia|青棉花屬|f|Hydrangea
681|Hydrangeaceae|Schizophragma|鑽地風屬|f|Hydrangea
682|Hydrocharitaceae|Blyxa|簀藻屬|t|""
683|Hydrocharitaceae|Egeria|水蘊草屬|t|""
684|Hydrocharitaceae|Halophila|鹽藻屬|t|""
685|Hydrocharitaceae|Hydrilla|水王孫屬|t|""
686|Hydrocharitaceae|Hydrocharis|水鼈屬|t|""
687|Hydrocharitaceae|Limnobium|南美海綿屬|t|""
688|Hydrocharitaceae|Najas|拂尾藻屬|t|""
689|Hydrocharitaceae|Ottelia|水車前屬|t|""
690|Hydrocharitaceae|Thalassia|泰來藻屬|t|""
691|Hydrocharitaceae|Vallisneria|苦草屬|t|""
692|Hydroleaceae|Hydrolea|探芹草屬|t|""
693|Hypericaceae|Hypericum|金絲桃屬|t|""
694|Hypericaceae|Triadenum|三腺金絲桃屬|t|""
695|Hypoxidaceae|Curculigo|仙茅屬|t|""
697|Hypoxidaceae|Hypoxis|小仙茅屬|t|""
696|Hypoxidaceae|Molineria|船子草屬|f|Curculigo
698|Icacinaceae|Nothapodytes|鷹紫花樹屬|t|""
699|Iridaceae|Belamcanda|射干屬|t|""
700|Iridaceae|Crocosmia|雄黃蘭屬|t|""
701|Iridaceae|Gladiolus|唐菖蒲屬|t|""
702|Iridaceae|Iris|鳶尾屬|t|""
703|Iridaceae|Sisyrinchium|庭菖蒲屬|t|""
704|Iteaceae|Itea|鼠刺屬|t|""
705|Juglandaceae|Engelhardia|黃杞屬|t|""
706|Juglandaceae|Juglans|胡桃屬|t|""
707|Juglandaceae|Platycarya|化香樹屬|t|""
708|Juncaceae|Juncus|燈心草屬|t|""
709|Juncaceae|Luzula|地楊梅屬|t|""
710|Lamiaceae|Acrocephalus|頂頭花屬|t|""
711|Lamiaceae|Agastache|藿香屬|t|""
712|Lamiaceae|Ajuga|筋骨草屬|t|""
713|Lamiaceae|Anisomeles|金劍草屬|t|""
714|Lamiaceae|Basilicum|小冠薰屬|t|""
715|Lamiaceae|Bostrychanthera|毛葯花屬|t|""
716|Lamiaceae|Callicarpa|紫珠屬|t|""
717|Lamiaceae|Caryopteris|蕕屬|t|""
718|Lamiaceae|Clerodendrum|海州常山屬|t|""
719|Lamiaceae|Clinopodium|風輪菜屬|t|""
720|Lamiaceae|Coleus|鞘蕊屬|t|""
721|Lamiaceae|Comanthosphace|綿穗蘇屬|t|""
722|Lamiaceae|Elsholtzia|香薷屬|t|""
723|Lamiaceae|Glechoma|金錢薄荷屬|t|""
724|Lamiaceae|Gomphostemma|錐花屬|t|""
725|Lamiaceae|Hyptis|香苦草屬|t|""
726|Lamiaceae|Isodon|香茶菜屬|t|""
727|Lamiaceae|Keiskea|偏穗花屬|t|""
728|Lamiaceae|Lamium|野芝麻屬|t|""
729|Lamiaceae|Leonurus|益母草屬|t|""
730|Lamiaceae|Leucas|白花草屬|t|""
731|Lamiaceae|Lycopus|地筍屬|t|""
732|Lamiaceae|Melissa|蜜蜂花屬|t|""
733|Lamiaceae|Mentha|薄荷屬|t|""
734|Lamiaceae|Mesona|仙草屬|t|""
735|Lamiaceae|Mosla|乾汗草屬|t|""
736|Lamiaceae|Ocimum|羅勒屬|t|""
737|Lamiaceae|Origanum|野薄荷屬|t|""
738|Lamiaceae|Orthodon|石薺寧屬|t|""
739|Lamiaceae|Orthosiphon|貓鬚草屬|t|""
740|Lamiaceae|Paraphlomis|假糙蘇屬|t|""
741|Lamiaceae|Perilla|紫蘇屬|t|""
742|Lamiaceae|Pogostemon|刺蕊草屬|t|""
743|Lamiaceae|Premna|魚臭木屬|t|""
744|Lamiaceae|Prunella|夏枯草屬|t|""
745|Lamiaceae|Rosmarinus|迷迭香屬|t|""
746|Lamiaceae|Rubiteucris|野藿香屬|t|""
747|Lamiaceae|Salvia|鼠尾草屬|t|""
748|Lamiaceae|Scutellaria|黃芩屬|t|""
749|Lamiaceae|Sphenodesme|楔翅藤屬|t|""
750|Lamiaceae|Stachys|水蘇屬|t|""
751|Lamiaceae|Suzukia|鈴木草屬|t|""
752|Lamiaceae|Tectona|柚木屬|t|""
753|Lamiaceae|Teucrium|香科科屬|t|""
754|Lamiaceae|Vitex|牡荊屬|t|""
755|Lardizabalaceae|Akebia|木通屬|t|""
756|Lardizabalaceae|Stauntonia|野木瓜屬|t|""
757|Lauraceae|Beilschmiedia|瓊楠屬|t|""
758|Lauraceae|Cassytha|無根草屬|t|""
759|Lauraceae|Cinnamomum|樟屬|t|""
760|Lauraceae|Cryptocarya|厚殼桂屬|t|""
761|Lauraceae|Dehaasia|腰果楠屬|t|""
762|Lauraceae|Endiandra|三蕊楠屬|t|""
763|Lauraceae|Laurus|月桂屬|t|""
764|Lauraceae|Lindera|釣樟屬|t|""
765|Lauraceae|Litsea|木薑子屬|t|""
766|Lauraceae|Machilus|楨楠屬|t|""
767|Lauraceae|Neolitsea|新木薑子屬|t|""
768|Lauraceae|Persea|鱷梨屬|t|""
769|Lauraceae|Phoebe|雅楠屬|t|""
770|Lauraceae|Sassafras|檫樹屬|t|""
771|Lecythidaceae|Barringtonia|棋盤腳樹屬|t|""
772|Lentibulariaceae|Utricularia|狸藻屬|t|""
773|Liliaceae|Lilium|百合屬|t|""
774|Liliaceae|Tricyrtis|油點草屬|t|""
775|Linderniaceae|Legazpia|三翅萼屬|t|""
776|Linderniaceae|Lindernia|母草屬|t|""
777|Linderniaceae|Torenia|倒地蜈蚣屬|t|""
778|Loganiaceae|Gardneria|蓬萊葛屬|t|""
780|Loganiaceae|Geniostema|偽木荔枝屬|f|Geniostoma
779|Loganiaceae|Geniostoma|偽木荔枝屬|t|""
781|Loganiaceae|Mitrasacme|光巾草屬|t|""
782|Loganiaceae|Strychnos|馬錢屬|t|""
783|Loranthaceae|Loranthus|桑寄生屬|t|""
784|Loranthaceae|Scurrula|大葉楓寄生屬|t|""
785|Loranthaceae|Taxillus|松寄生屬|t|""
786|Lythraceae|Ammannia|水莧菜屬|t|""
787|Lythraceae|Cuphea|克非亞草屬|t|""
788|Lythraceae|Lagerstroemia|紫薇屬|t|""
789|Lythraceae|Pemphis|水芫花屬|t|""
790|Lythraceae|Punica|石榴屬|t|""
791|Lythraceae|Rotala|水豬母乳屬|t|""
792|Lythraceae|Trapa|菱屬|t|""
793|Magnoliaceae|Magnolia|木蘭屬|t|""
794|Magnoliaceae|Michelia|烏心石屬|t|""
795|Malpighiaceae|Hiptage|猿尾藤屬|t|""
796|Malpighiaceae|Ryssopterys|翅實藤屬|t|""
797|Malpighiaceae|Tristellateia|三星果藤屬|t|""
798|Malvaceae|Abelmoschus|秋葵屬|t|""
799|Malvaceae|Abutilon|莔麻屬|t|""
800|Malvaceae|Alcea|蜀葵屬|t|""
801|Malvaceae|Anoda|蔓錦葵屬|t|""
802|Malvaceae|Berrya|六翅木屬|t|""
803|Malvaceae|Bombax|木棉屬|t|""
804|Malvaceae|Corchorus|黃麻屬|t|""
805|Malvaceae|Firmiana|梧桐屬|t|""
806|Malvaceae|Grewia|捕魚木屬|t|""
807|Malvaceae|Helicteres|山芝麻屬|t|""
808|Malvaceae|Heritiera|銀葉樹屬|t|""
809|Malvaceae|Hibiscus|木槿屬|t|""
810|Malvaceae|Kleinhovia|克蘭樹屬|t|""
811|Malvaceae|Malachra|旋葵屬|t|""
813|Malvaceae|Malva|錦葵屬|t|""
812|Malvaceae|Malvastrum|賽葵屬|t|""
814|Malvaceae|Melochia|野路葵屬|t|""
815|Malvaceae|Modiola|錦葵屬|t|""
816|Malvaceae|Pachira|瓜栗屬|t|""
817|Malvaceae|Pterospermum|翅子樹屬|t|""
818|Malvaceae|Reevesia|梭羅樹屬|t|""
819|Malvaceae|Sida|金午時花屬|t|""
820|Malvaceae|Sterculia|蘋婆屬|t|""
821|Malvaceae|Thespesia|繖楊屬|t|""
822|Malvaceae|Triumfetta|垂桉草屬|t|""
823|Malvaceae|Urena|野棉花屬|t|""
824|Malvaceae|Waltheria|草梧桐屬|t|""
825|Marantaceae|Donax|竹葉蕉屬|t|""
826|Mazaceae|Mazus|通泉草屬|t|""
827|Melanthiaceae|Helonias|胡麻花屬|t|""
828|Melanthiaceae|Paris|重樓屬|t|""
829|Melanthiaceae|Trillium|延齡草屬|t|""
830|Melanthiaceae|Veratrum|藜蘆屬|t|""
831|Melastomataceae|Astronia|大野牡丹屬|t|""
832|Melastomataceae|Barthea|深山野牡丹屬|t|""
833|Melastomataceae|Blastus|柏拉木屬|t|""
834|Melastomataceae|Bredia|金石榴屬|t|""
835|Melastomataceae|Clidemia|毛野牡丹屬|t|""
836|Melastomataceae|Medinilla|野牡丹藤屬|t|""
837|Melastomataceae|Melastoma|野牡丹屬|t|""
838|Melastomataceae|Memecylon|羊角扭屬|t|""
839|Melastomataceae|Osbeckia|金錦香屬|t|""
841|Melastomataceae|Otanthera|耳葯花屬|t|""
842|Melastomataceae|Pachycentria|厚距花屬|t|""
843|Melastomataceae|Sarcopyramis|肉穗野牡丹屬|t|""
844|Melastomataceae|Sonerila|蜂鬥草屬|t|""
845|Melastomataceae|Tibouchina|巴西野牡丹屬|t|""
846|Meliaceae|Aglaia|樹蘭屬|t|""
847|Meliaceae|Aphanamixis|山楝屬|t|""
848|Meliaceae|Chisocheton|擬樫木屬|t|""
849|Meliaceae|Dysoxylum|椌木屬|t|""
850|Meliaceae|Melia|楝屬|t|""
851|Meliaceae|Swietenia|桃花心木屬|t|""
852|Meliaceae|Toona|香椿屬|t|""
853|Menispermaceae|Cocculus|木防己屬|t|""
854|Menispermaceae|Cyclea|土防己屬|t|""
855|Menispermaceae|Pericampylus|細圓藤屬|t|""
856|Menispermaceae|Sinomenium|漢防己屬|t|""
857|Menispermaceae|Stephania|千金藤屬|t|""
858|Menispermaceae|Tinospora|青牛膽屬|t|""
1491|Menispermaceae |Cissampelos|錫生藤屬|t|
859|Menyanthaceae|Nymphoides|莕菜屬|t|""
860|Mitrastemonaceae|Mitrastemon|奴草屬|t|""
861|Molluginaceae|Glinus|假繁縷屬|t|""
862|Molluginaceae|Mollugo|粟米草屬|t|""
863|Moraceae|Artocarpus|麵包樹屬|t|""
864|Moraceae|Broussonetia|構樹屬|t|""
865|Moraceae|Fatoua|水蛇麻屬|t|""
866|Moraceae|Ficus|榕屬|t|""
867|Moraceae|Maclura|柘樹屬|t|""
868|Moraceae|Malaisia|牛筋藤屬|t|""
869|Moraceae|Morus|桑屬|t|""
870|Muntingiaceae|Muntingia|西印度櫻桃屬|t|""
871|Musaceae|Ensete|拔蕉屬|t|""
872|Musaceae|Musa|芭蕉屬|t|""
873|Myricaceae|Myrica|楊梅屬|t|""
874|Myristicaceae|Myristica|肉荳蔻屬|t|""
875|Myrtaceae|Acmena|賽赤楠屬|t|""
876|Myrtaceae|Decaspermum|十子木屬|t|""
877|Myrtaceae|Eucalyptus|桉屬|t|""
878|Myrtaceae|Eugenia|番櫻桃屬|t|""
879|Myrtaceae|Melaleuca|白千層屬|t|""
880|Myrtaceae|Myrciaria|擬愛神木屬|t|""
881|Myrtaceae|Psidium|番石榴屬|t|""
882|Myrtaceae|Rhodomyrtus|桃金孃屬|t|""
883|Myrtaceae|Syzygium|赤楠屬|t|""
884|Nartheciaceae|Aletris|粉條兒屬|t|""
885|Nelumbonaceae|Nelumbo|蓮屬|t|""
886|Nyctaginaceae|Boerhavia|黃細心屬|t|""
887|Nyctaginaceae|Bougainvillea|葉子花屬|t|""
888|Nyctaginaceae|Mirabilis|紫茉莉屬|t|""
889|Nyctaginaceae|Pisonia|皮孫木屬|t|""
890|Nymphaeaceae|Euryale|芡屬|t|""
891|Nymphaeaceae|Nuphar|萍蓬草屬|t|""
892|Nymphaeaceae|Nymphaea|睡蓮屬|t|""
893|Nyssaceae|Camptotheca|喜樹屬|t|""
894|Olacaceae|Olax|鐵青樹屬|t|""
895|Oleaceae|Chionanthus|流蘇樹屬|t|""
896|Oleaceae|Fraxinus|梣屬|t|""
897|Oleaceae|Jasminum|素英屬|t|""
898|Oleaceae|Ligustrum|女貞屬|t|""
899|Oleaceae|Osmanthus|木犀屬|t|""
900|Onagraceae|Circaea|露珠草屬|t|""
901|Onagraceae|Epilobium|柳葉菜屬|t|""
902|Onagraceae|Ludwigia|水丁香屬|t|""
903|Onagraceae|Oenothera|待宵草屬|t|""
904|Opiliaceae|Champereia|山柚屬|t|""
905|Orchidaceae|Acampe|脆蘭屬|t|""
906|Orchidaceae|Acanthephippium|罈花蘭屬|t|""
907|Orchidaceae|Agrostophyllum|糠穗蘭屬|t|""
908|Orchidaceae|Amitostigma|雛蘭屬|t|""
909|Orchidaceae|Androcorys|兜蕊蘭屬|t|""
910|Orchidaceae|Ania|安蘭屬|t|""
911|Orchidaceae|Anoectochilus|金線蓮屬|t|""
912|Orchidaceae|Aphyllorchis|無葉蘭屬|t|""
913|Orchidaceae|Appendicula|竹節蘭屬|t|""
914|Orchidaceae|Arachnis|龍爪蘭屬|t|""
915|Orchidaceae|Arundina|竹葉蘭屬|t|""
916|Orchidaceae|Ascocentrum|鹿角蘭屬|t|""
917|Orchidaceae|Bletilla|白及屬|t|""
918|Orchidaceae|Brachycorythis|苞葉蘭屬|t|""
919|Orchidaceae|Bulbophyllum|豆蘭屬|t|""
920|Orchidaceae|Calanthe|根節蘭屬|t|""
921|Orchidaceae|Cephalanthera|金蘭屬|t|""
922|Orchidaceae|Cephalantheropsis|肖頭蕊蘭屬|t|""
923|Orchidaceae|Chamaeanthus|細花蘭屬|t|""
924|Orchidaceae|Cheirostylis|指柱蘭屬|t|""
925|Orchidaceae|Chiloschista|大蜘蛛蘭屬|t|""
926|Orchidaceae|Chrysoglossum|金蟬蘭屬|t|""
927|Orchidaceae|Cleisostoma|隔距蘭屬|t|""
928|Orchidaceae|Coeloglossum|凹舌蘭屬|t|""
929|Orchidaceae|Collabium|吻蘭屬|t|""
930|Orchidaceae|Corybas|鎧蘭屬|t|""
931|Orchidaceae|Corymborkis|管花蘭屬|t|""
932|Orchidaceae|Cremastra|馬鞭蘭屬|t|""
933|Orchidaceae|Cryptostylis|隱柱蘭屬|t|""
934|Orchidaceae|Cymbidium|蕙蘭屬|t|""
935|Orchidaceae|Cypripedium|蘭花雙葉草屬|t|""
936|Orchidaceae|Cyrtosia|肉果蘭屬|t|""
937|Orchidaceae|Dendrobium|石斛屬|t|""
938|Orchidaceae|Dendrochilum|穗花蘭屬|t|""
939|Orchidaceae|Didiciea|雙生蘭屬|t|""
940|Orchidaceae|Didymoplexiella|錨柱蘭屬|t|""
941|Orchidaceae|Didymoplexis|雙唇蘭屬|t|""
942|Orchidaceae|Diploprora|蛇舌蘭屬|t|""
943|Orchidaceae|Disperis|鴛鴦蘭屬|t|""
944|Orchidaceae|Epigeneium|著頦蘭屬|t|""
945|Orchidaceae|Epipactis|鈴蘭屬|t|""
946|Orchidaceae|Epipogium|上鬚蘭屬|t|""
947|Orchidaceae|Eria|絨蘭屬|t|""
948|Orchidaceae|Erythrodes|小唇蘭屬|t|""
949|Orchidaceae|Erythrorchis|倒吊蘭屬|t|""
950|Orchidaceae|Eulophia|芋蘭屬|t|""
951|Orchidaceae|Flickingeria|暫花蘭屬|t|""
952|Orchidaceae|Galeola|山珊瑚屬|t|""
953|Orchidaceae|Gastrochilus|松蘭屬|t|""
954|Orchidaceae|Gastrodia|赤箭屬|t|""
955|Orchidaceae|Geodorum|地寶蘭屬|t|""
956|Orchidaceae|Goodyera|斑葉蘭屬|t|""
957|Orchidaceae|Habenaria|玉鳳蘭屬|t|""
958|Orchidaceae|Haraella|香蘭屬|t|""
959|Orchidaceae|Hayata|早田蘭屬|t|""
960|Orchidaceae|Hemipilia|玉山一葉蘭屬|t|""
961|Orchidaceae|Herminium|腳根蘭屬|t|""
962|Orchidaceae|Hetaeria|角唇蘭屬|t|""
963|Orchidaceae|Holcoglossum|撬唇蘭屬|t|""
964|Orchidaceae|Hylophila|光唇蘭屬|t|""
965|Orchidaceae|Lecanorchis|皿柱蘭屬|t|""
966|Orchidaceae|Liparis|羊耳蘭屬|t|""
967|Orchidaceae|Listera|雙葉蘭屬|t|""
968|Orchidaceae|Luisia|釵子股屬|t|""
969|Orchidaceae|Malaxis|小柱蘭屬|t|""
970|Orchidaceae|Microtatorchis|假蜘蛛蘭屬|t|""
971|Orchidaceae|Microtis|韭葉蘭屬|t|""
972|Orchidaceae|Mischobulbum|葵蘭屬|t|""
973|Orchidaceae|Myrmechis|全唇蘭屬|t|""
974|Orchidaceae|Neofinetia|風蘭屬|t|""
976|Orchidaceae|Neottia|鳥巢蘭屬|t|""
975|Orchidaceae|Neottia |鳥巢蘭屬|t|""
977|Orchidaceae|Nervilia|脈葉蘭屬|t|""
978|Orchidaceae|Oberonia|莪白蘭屬|t|""
979|Orchidaceae|Odontochilus|齒唇蘭屬|t|""
980|Orchidaceae|Oreorchis|山蘭屬|t|""
981|Orchidaceae|Pachystoma|粉口蘭屬|t|""
982|Orchidaceae|Papilionanthe|鳳蝶蘭屬|t|""
983|Orchidaceae|Peristylus|闊蕊蘭屬|t|""
984|Orchidaceae|Phaius|鶴頂蘭屬|t|""
985|Orchidaceae|Phalaenopsis|蝴蝶蘭屬|t|""
986|Orchidaceae|Pholidota|石山桃屬|t|""
987|Orchidaceae|Phreatia|芙樂蘭屬|t|""
988|Orchidaceae|Platanthera|粉蝶蘭屬|t|""
989|Orchidaceae|Pleione|一葉蘭屬|t|""
990|Orchidaceae|Pogonia|鬚唇蘭屬|t|""
991|Orchidaceae|Ponerorchis|小蝶蘭屬|t|""
992|Orchidaceae|Rhomboda|白點伴蘭屬|t|""
993|Orchidaceae|Saccolabiopsis|假囊唇蘭屬|t|""
994|Orchidaceae|Sarcophyton|肉蘭屬|t|""
995|Orchidaceae|Schoenorchis|羞花蘭屬|t|""
996|Orchidaceae|Spathoglottis|苞舌蘭屬|t|""
997|Orchidaceae|Spiranthes|綬草屬|t|""
998|Orchidaceae|Staurochilus|掌唇蘭屬|t|""
999|Orchidaceae|Stereosandra|堅葯蘭屬|t|""
1000|Orchidaceae|Sunipia|寶石蘭屬|t|""
1001|Orchidaceae|Taeniophyllum|小蜘蛛蘭屬|t|""
1002|Orchidaceae|Tainia|小杜鵑蘭屬|t|""
1003|Orchidaceae|Thelasis|八粉蘭屬|t|""
1004|Orchidaceae|Thrixspermum|風鈴蘭屬|t|""
1005|Orchidaceae|Tipularia|飛鶴蘭屬|t|""
1006|Orchidaceae|Trichoglottis|鳳尾蘭屬|t|""
1007|Orchidaceae|Tropidia|摺唇蘭屬|t|""
1008|Orchidaceae|Tuberolabium|紅頭蘭屬|t|""
1009|Orchidaceae|Tulotis|蜻蜓蘭屬|t|""
1010|Orchidaceae|Vanda|萬代蘭屬|t|""
1011|Orchidaceae|Vanilla|梵尼蘭屬|t|""
1012|Orchidaceae|Vexillabium|旗唇蘭屬|t|""
1013|Orchidaceae|Vrydagzynea|二尾蘭屬|t|""
1014|Orchidaceae|Yoania|長花柄蘭屬|t|""
1015|Orchidaceae|Zeuxine|線柱蘭屬|t|""
1016|Orobanchaceae|Aeginetia|野菰屬|t|""
1017|Orobanchaceae|Alectra|黑蒴屬|t|""
1018|Orobanchaceae|Boschniakia|草蓯容屬|t|""
1019|Orobanchaceae|Centranthera|胡麻屬|t|""
1020|Orobanchaceae|Christisonia|假野菰屬|t|""
1021|Orobanchaceae|Euphrasia|碎雪草屬|t|""
1022|Orobanchaceae|Lathraea|齒鱗草屬|t|""
1023|Orobanchaceae|Melampyrum|山羅花屬|t|""
1024|Orobanchaceae|Orobanche|列當屬|t|""
1025|Orobanchaceae|Pedicularis|馬先蒿屬|t|""
1026|Orobanchaceae|Phacellanthus|黃筒花屬|t|""
1027|Orobanchaceae|Phtheirospermum|松蒿屬|t|""
1028|Orobanchaceae|Siphonostegia|陰行草屬|t|""
1029|Orobanchaceae|Striga|獨腳金屬|t|""
1030|Oxalidaceae|Averrhoa|陽桃屬|t|""
1031|Oxalidaceae|Biophytum|羞禮花屬|t|""
1032|Oxalidaceae|Oxalis|酢漿草屬|t|""
1033|Pandanaceae|Freycinetia|山露兜屬|t|""
1034|Pandanaceae|Pandanus|露兜樹屬|t|""
1035|Papaveraceae|Argemone|薊罌粟屬|t|""
1036|Papaveraceae|Corydalis|紫蓳屬|t|""
1037|Papaveraceae|Fumaria|煙堇屬|t|""
1038|Papaveraceae|Macleaya|博落迴屬|t|""
1039|Papaveraceae|Papaver|罌粟屬|t|""
1040|Passifloraceae|Adenia|假西番蓮屬|f|Modecca
1041|Passifloraceae|Modecca|假西番蓮屬|t|""
1042|Passifloraceae|Passiflora|西番蓮屬|t|""
1043|Paulowniaceae|Paulownia|泡桐屬|t|""
1044|Pentaphylacaceae|Adinandra|楊桐屬|t|""
1045|Pentaphylacaceae|Anneslea|茶梨屬|t|""
1046|Pentaphylacaceae|Cleyera|紅淡比屬|t|""
1047|Pentaphylacaceae|Eurya|柃木屬|t|""
1048|Pentaphylacaceae|Ternstroemia|厚皮香屬|t|""
1049|Petiveriaceae|Rivina|珊瑚珠屬|t|""
1050|Petrosaviaceae|Petrosavia|無葉蓮屬|t|""
1051|Philydraceae|Philydrum|田蔥屬|t|""
1052|Phrymaceae|Mimulus|溝酸漿屬|t|""
1053|Phrymaceae|Phryma|透骨草屬(蠅毒草屬)|t|""
1054|Phyllanthaceae|Antidesma|五月茶屬|t|""
1055|Phyllanthaceae|Bischofia|重陽木屬|t|""
1056|Phyllanthaceae|Breynia|山漆莖屬|t|""
1057|Phyllanthaceae|Bridelia|土密樹屬|t|""
1058|Phyllanthaceae|Flueggea|白飯樹屬|t|""
1059|Phyllanthaceae|Glochidion|饅頭果屬|t|""
1060|Phyllanthaceae|Margaritaria|紫黃屬|t|""
1061|Phyllanthaceae|Phyllanthus|油柑屬|t|""
1062|Phyllanthaceae|Sauropus|守宮木屬|t|""
1063|Phyllanthaceae|Synostemon|假葉下珠屬|f|Sauropus
1064|Phytolaccaceae|Phytolacca|商陸屬|t|""
1065|Piperaceae|Peperomia|椒草屬|t|""
1066|Piperaceae|Piper|胡椒屬|t|""
1067|Piperaceae|Zippelia|齊頭絨屬|t|""
1068|Pittosporaceae|Pittosporum|海桐屬|t|""
1069|Plantaginaceae|Antirrhinum|金魚草屬|t|""
1070|Plantaginaceae|Bacopa|過長沙屬|t|""
1071|Plantaginaceae|Callitriche|水馬齒屬|t|""
1072|Plantaginaceae|Deinostema|澤番椒屬|t|""
1073|Plantaginaceae|Digitalis|毛地黃屬|t|""
1074|Plantaginaceae|Dopatrium|虻眼草屬|t|""
1075|Plantaginaceae|Ellisiophyllum|海螺菊屬|t|""
1076|Plantaginaceae|Hemiphragma|腰只花屬|t|""
1077|Plantaginaceae|Limnophila|石龍尾屬|t|""
1078|Plantaginaceae|Mecardonia|過長沙舅屬|t|""
1079|Plantaginaceae|Microcarpaea|微果草屬|t|""
1080|Plantaginaceae|Plantago|車前屬|t|""
1081|Plantaginaceae|Scoparia|野甘草屬|t|""
1082|Plantaginaceae|Stemodia|孿生花屬|t|""
1084|Plantaginaceae|Veronica|婆婆納屬|t|""
1083|Plantaginaceae|Veronicastrum|腹水草屬|t|""
1085|Plumbaginaceae|Armeria|海石竹屬|t|""
1086|Plumbaginaceae|Limonium|石蓯蓉屬|t|""
1087|Plumbaginaceae|Plumbago|烏面馬屬|t|""
1088|Poaceae|Agropyron|鵝觀草屬|f|Elymus
1089|Poaceae|Agrostis|翦股穎屬|t|""
1090|Poaceae|Alloteropsis|毛穎草屬|t|""
1091|Poaceae|Alopecurus|看麥娘屬|t|""
1092|Poaceae|Aniselytron|溝稃草屬|t|""
1093|Poaceae|Anthoxanthum|黃花茅屬|t|""
1094|Poaceae|Apluda|水蔗草屬|t|""
1095|Poaceae|Aristida|三芒草屬|t|""
1096|Poaceae|Arrhenatherum|燕麥草屬|t|""
1097|Poaceae|Arthraxon|藎草屬|t|""
1098|Poaceae|Arthrostylidium|內門竹屬|t|""
1099|Poaceae|Arundinaria|青籬竹屬|t|""
1100|Poaceae|Arundinella|野古草屬|t|""
1101|Poaceae|Arundo|蘆竹屬|t|""
1102|Poaceae|Avena|燕麥屬|t|""
1103|Poaceae|Axonopus|地毯草屬|t|""
1104|Poaceae|Bambusa|蓬萊竹屬|t|""
1105|Poaceae|Bothriochloa|孔穎草屬|t|""
1106|Poaceae|Brachiaria|臂形草屬|t|""
1107|Poaceae|Brachypodium|短柄草屬|t|""
1108|Poaceae|Briza|凌風草屬|t|""
1109|Poaceae|Bromus|雀麥屬|t|""
1110|Poaceae|Calamagrostis|拂子茅屬|t|""
1111|Poaceae|Capillipedium|細柄草屬|t|""
1112|Poaceae|Cenchrus|蒺藜草屬|t|""
1113|Poaceae|Centotheca|假淡竹葉屬|t|""
1114|Poaceae|Chikusichloa|山澗草屬|t|""
1115|Poaceae|Chimonobambusa|寒竹屬|t|""
1116|Poaceae|Chloris|虎尾草屬|t|""
1117|Poaceae|Chrysopogon|金鬚茅屬|t|""
1118|Poaceae|Coix|薏苡屬|t|""
1119|Poaceae|Cymbopogon|香茅屬|t|""
1120|Poaceae|Cynodon|狗牙根屬|t|""
1121|Poaceae|Cyrtococcum|弓果黍屬|t|""
1122|Poaceae|Dactylis|鴨茅屬|t|""
1123|Poaceae|Dactyloctenium|龍爪茅屬|t|""
1124|Poaceae|Dendrocalamus|麻竹屬|t|""
1125|Poaceae|Deschampsia|髮草屬|t|""
1126|Poaceae|Deyeuxia|野青茅屬|t|""
1127|Poaceae|Dichanthium|雙花草屬|t|""
1128|Poaceae|Digitaria|馬唐屬|t|""
1129|Poaceae|Dimeria|觿茅屬|t|""
1164|Poaceae|Diplachne|雙稃草屬|f|Leptochloa
1130|Poaceae|Eccoilopus|油芒屬|t|""
1131|Poaceae|Echinochloa|稗屬|t|""
1132|Poaceae|Eleusine|穇屬|t|""
1133|Poaceae|Elymus|批鹼草屬|t|""
1134|Poaceae|Enteropogon|腸鬚草屬|t|""
1135|Poaceae|Eragrostis|畫眉草屬|t|""
1136|Poaceae|Eremochloa|蜈蚣草屬|t|""
1137|Poaceae|Erianthus|蔗茅屬|t|""
1138|Poaceae|Eriochloa|野黍屬|t|""
1139|Poaceae|Euchlaena|類蜀黍屬|t|""
1140|Poaceae|Eulalia|金茅屬|t|""
1141|Poaceae|Eulaliopsis|擬金茅屬|t|""
1142|Poaceae|Eustachys|真穗草屬|t|""
1143|Poaceae|Festuca|羊茅屬|t|""
1144|Poaceae|Garnotia|葛氏草屬|t|""
1145|Poaceae|Gigantochloa|巨竹屬|t|""
1146|Poaceae|Glyceria|甜茅屬|t|""
1147|Poaceae|Hackelochloa|亥氏草屬|t|""
1148|Poaceae|Helictotrichon|異燕麥屬|t|""
1149|Poaceae|Hemarthria|牛鞭草屬|t|""
1150|Poaceae|Heteropogon|黃茅屬|t|""
1151|Poaceae|Holcus|絨毛草屬|t|""
1152|Poaceae|Hordeum|大麥屬|t|""
1153|Poaceae|Hygroryza|水禾屬|t|""
1154|Poaceae|Hymenachne|膜稃草屬|t|""
1155|Poaceae|Ichnanthus|距花黍屬|t|""
1156|Poaceae|Imperata|白茅屬|t|""
1157|Poaceae|Isachne|柳葉箬屬|t|""
1158|Poaceae|Ischaemum|鴨嘴草屬|t|""
1159|Poaceae|Koeleria|洽草屬|t|""
1160|Poaceae|Leersia|李氏禾屬|t|""
1161|Poaceae|Leleba|孝順竹屬|t|""
1162|Poaceae|Leptaspis|囊稃竹屬|t|""
1163|Poaceae|Leptochloa|千金子屬|t|""
1165|Poaceae|Lepturus|細穗草屬|t|""
1166|Poaceae|Lolium|黑麥草屬|t|""
1167|Poaceae|Lophatherum|淡竹葉屬|t|""
1168|Poaceae|Melica|臭草屬|t|""
1169|Poaceae|Melinis|糖蜜草屬|t|""
1170|Poaceae|Microstegium|莠竹屬|t|""
1171|Poaceae|Milium|粟草屬|t|""
1172|Poaceae|Miscanthus|芒屬|t|""
1173|Poaceae|Muhlenbergia|亂子草屬|t|""
1174|Poaceae|Narenga|河王八屬|t|""
1175|Poaceae|Neyraudia|類蘆竹屬|t|""
1176|Poaceae|Oplismenus|求米草屬|t|""
1177|Poaceae|Oryza|稻屬|t|""
1178|Poaceae|Oryzopsis|落芒草屬|t|""
1179|Poaceae|Ottochloa|圖奧草屬|t|""
1180|Poaceae|Panicum|稷屬|t|""
1181|Poaceae|Paspalidium|類雀稗屬|t|""
1182|Poaceae|Paspalum|雀稗屬|t|""
1183|Poaceae|Pennisetum|狼尾草屬|t|""
1184|Poaceae|Perotis|茅根草屬|t|""
1185|Poaceae|Phaenosperma|顯子草屬|t|""
1186|Poaceae|Phalaris|鷸草屬|t|""
1187|Poaceae|Phleum|梯牧草屬|t|""
1188|Poaceae|Phragmites|蘆葦屬|t|""
1189|Poaceae|Phyllostachys|孟宗竹屬|t|""
1190|Poaceae|Poa|早熟禾屬|t|""
1191|Poaceae|Pogonatherum|金髮草屬|t|""
1192|Poaceae|Polypogon|棒頭草屬|t|""
1193|Poaceae|Pseudoraphis|偽針茅屬|t|""
1194|Poaceae|Pseudosasa|矢竹屬|t|""
1195|Poaceae|Rhynchelytrum|紅毛草屬|t|""
1196|Poaceae|Rottboellia|羅氏草屬|t|""
1197|Poaceae|Saccharum|甘蔗屬|t|""
1198|Poaceae|Sacciolepis|囊穎草屬|t|""
1199|Poaceae|Schizachyrium|裂稃草屬|t|""
1200|Poaceae|Schizostachyum|莎勒竹屬|t|""
1201|Poaceae|Setaria|狗尾草屬|t|""
1202|Poaceae|Sinobambusa|唐竹屬|t|""
1203|Poaceae|Sorghum|蜀黍屬|t|""
1204|Poaceae|Spartina|米草屬|t|""
1205|Poaceae|Sphaerocaryum|稃藎屬|t|""
1206|Poaceae|Spinifex|濱刺草屬|t|""
1207|Poaceae|Spodiopogon|大油芒屬|t|""
1208|Poaceae|Sporobolus|鼠尾粟屬|t|""
1209|Poaceae|Stenotaphrum|鈍葉草屬|t|""
1210|Poaceae|Thaumastochloa|假蛇尾草屬|t|""
1211|Poaceae|Themeda|菅屬|t|""
1212|Poaceae|Thuarea|芻蕾草屬|t|""
1213|Poaceae|Thysanolaena|棕葉蘆屬|t|""
1214|Poaceae|Tripogon|草沙蠶屬|t|""
1215|Poaceae|Tripsacum|磨擦草屬|t|""
1216|Poaceae|Trisetum|三毛草屬|t|""
1217|Poaceae|Triticum|小麥屬|t|""
1218|Poaceae|Urochloa|尾稃草屬|t|""
1219|Poaceae|Vetiveria|培地茅屬|t|""
1220|Poaceae|Vulpia|鼠茅屬|t|""
1221|Poaceae|Yushania|玉山箭竹屬|t|""
1222|Poaceae|Zea|玉蜀黍屬|t|""
1223|Poaceae|Zizania|菰屬|t|""
1224|Poaceae|Zoysia|結縷草屬|t|""
1225|Polygalaceae|Epirixanthes|寄生鱗葉草屬|t|""
1226|Polygalaceae|Polygala|遠志屬|t|""
1227|Polygalaceae|Salomonia|齒果草屬|t|""
1228|Polygonaceae|Antigonon|珊瑚藤屬|t|""
1229|Polygonaceae|Fagopyrum|蕎麥屬|t|""
1230|Polygonaceae|Persicaria|春蓼屬|t|""
1231|Polygonaceae|Polygonum|蓼屬|t|""
1232|Polygonaceae|Rumex|酸模屬|t|""
1233|Pontederiaceae|Eichhornia|鳳眼蓮屬|t|""
1234|Pontederiaceae|Monochoria|鴨舌草屬|t|""
1235|Portulacaceae|Portulaca|馬齒莧屬|t|""
1236|Potamogetonaceae|Potamogeton|眼子菜屬|t|""
1237|Potamogetonaceae|Zannichellia|角果藻屬|t|""
1238|Primulaceae|Aegiceras|蠟燭果屬|t|""
1239|Primulaceae|Anagallis|琉璃繁縷屬|t|""
1240|Primulaceae|Androsace|點地梅屬|t|""
1241|Primulaceae|Ardisia|紫金牛屬|t|""
1242|Primulaceae|Bladhia|鋸齒屬|t|""
1243|Primulaceae|Embelia|藤木槲屬|t|""
1244|Primulaceae|Lysimachia|珍珠菜屬|t|""
1245|Primulaceae|Maesa|山桂花屬|t|""
1246|Primulaceae|Myrsine|竹杞屬|t|""
1247|Primulaceae|Primula|櫻草屬|t|""
1248|Primulaceae|Stimpsonia|施丁草屬|t|""
1249|Proteaceae|Grevillea|銀樺屬|t|""
1250|Proteaceae|Helicia|山龍眼屬|t|""
1251|Putranjivaceae|Drypetes|鐵色屬|t|""
1494|Putranjivaceae|Liodendron|假黃楊屬|t|""
1252|Ranunculaceae|Aconitum|烏頭屬|t|""
1253|Ranunculaceae|Anemone|銀蓮花屬|t|""
1254|Ranunculaceae|Calathodes|雞爪草屬|t|""
1255|Ranunculaceae|Cimicifuga|升麻屬|t|""
1256|Ranunculaceae|Clematis|鐵線蓮屬|t|""
1257|Ranunculaceae|Coptis|黃連屬|t|""
1258|Ranunculaceae|Dichocarpum|人字果屬|t|""
1259|Ranunculaceae|Ranunculus|毛茛屬|t|""
1260|Ranunculaceae|Semiaquilegia|天葵屬|t|""
1261|Ranunculaceae|Thalictrum|唐松草屬|t|""
1262|Ranunculaceae|Trollius|金蓮花屬|t|""
1263|Rhamnaceae|Berchemia|黃鱔藤屬|t|""
1264|Rhamnaceae|Colubrina|濱棗屬|t|""
1265|Rhamnaceae|Paliurus|馬甲子屬|t|""
1266|Rhamnaceae|Rhamnus|鼠李屬|t|""
1267|Rhamnaceae|Sageretia|雀梅藤屬|t|""
1268|Rhamnaceae|Ventilago|翼核木屬|t|""
1269|Rhamnaceae|Ziziphus|棗屬|t|""
1270|Rhamnaceae|Zizyphus|棗屬|f|Ziziphus
1271|Rhizophoraceae|Bruguiera|木欖屬|t|""
1272|Rhizophoraceae|Ceriops|角果木屬|t|""
1273|Rhizophoraceae|Kandelia|水筆仔屬|t|""
1274|Rhizophoraceae|Rhizophora|紅樹屬|t|""
1275|Rosaceae|Agrimonia|龍牙草屬|t|""
1276|Rosaceae|Aria|赤楊葉梨屬|t|""
1277|Rosaceae|Cotoneaster|舖地蜈蚣屬|t|""
1278|Rosaceae|Crataegus|山楂屬|t|""
1279|Rosaceae|Duchesnea|蛇莓屬|t|""
1280|Rosaceae|Eriobotrya|枇杷屬|t|""
1281|Rosaceae|Filipendula|蚊子草屬|t|""
1282|Rosaceae|Fragaria|草莓屬|t|""
1283|Rosaceae|Geum|水楊梅屬|t|""
1284|Rosaceae|Macromeles|海棠屬|t|""
1285|Rosaceae|Malus|蘋果屬|t|""
1286|Rosaceae|Osteomeles|小石積屬|t|""
1287|Rosaceae|Photinia|石楠屬|t|""
1288|Rosaceae|Potentilla|翻白草屬|t|""
1289|Rosaceae|Pourthiaea|老葉兒樹屬|t|""
1290|Rosaceae|Prinsepia|假甹莢屬|t|""
1291|Rosaceae|Prunus|梅屬|t|""
1292|Rosaceae|Pyracantha|火刺木屬|t|""
1293|Rosaceae|Pyrus|梨屬|t|""
1294|Rosaceae|Rhaphiolepis|石斑木屬|t|""
1295|Rosaceae|Rosa|薔薇屬|t|""
1296|Rosaceae|Rubus|懸鉤子屬|t|""
1297|Rosaceae|Sanguisorba|地榆屬|t|""
1298|Rosaceae|Sibbaldia|五蕊莓屬|t|""
1299|Rosaceae|Sorbus|花楸屬|t|""
1300|Rosaceae|Spiraea|繡線菊屬|t|""
1301|Rosaceae|Stephanandra|冠蕊木屬|t|""
1302|Rubiaceae|Argostemma|水冠草屬|t|""
1303|Rubiaceae|Borreria|豐花草屬|t|""
1304|Rubiaceae|Canthium|朴萊木屬|t|""
1305|Rubiaceae|Cephalanthus|風箱樹屬|t|""
1306|Rubiaceae|Cinchona|金雞納屬|t|""
1307|Rubiaceae|Coffea|咖啡屬|t|""
1308|Rubiaceae|Coptosapelta|瓢簞藤屬|t|""
1309|Rubiaceae|Damnacanthus|伏牛花屬|t|""
1310|Rubiaceae|Dentella|小牙草屬|t|""
1311|Rubiaceae|Diodia|鈕扣草屬|t|""
1312|Rubiaceae|Galium|豬殃殃屬|t|""
1313|Rubiaceae|Gardenia|黃槴屬|t|""
1314|Rubiaceae|Geophila|苞花蔓屬|t|""
1315|Rubiaceae|Guettarda|葛塔德木屬|t|""
1316|Rubiaceae|Hayataella|玉蘭草屬|t|""
1317|Rubiaceae|Hedyotis|耳草屬|t|""
1318|Rubiaceae|Hemidiodia|擬鴨舌癀舅屬|t|""
1319|Rubiaceae|Ixora|仙丹花屬|t|""
1320|Rubiaceae|Knoxia|諾氏草屬|t|""
1321|Rubiaceae|Lasianthus|雞屎樹屬|t|""
1322|Rubiaceae|Litosanthes|壺冠木屬|t|""
1323|Rubiaceae|Mitchella|蔓虎刺屬|t|""
1324|Rubiaceae|Morinda|羊角藤屬|t|""
1325|Rubiaceae|Mussaenda|玉葉金花屬|t|""
1326|Rubiaceae|Neanotis|新耳草屬|t|""
1327|Rubiaceae|Neonauclea|欖仁舅屬|t|""
1328|Rubiaceae|Nertera|深柱夢草屬|t|""
1329|Rubiaceae|Ophiorrhiza|蛇根草屬|t|""
1330|Rubiaceae|Paederia|雞屎藤屬|t|""
1331|Rubiaceae|Pavetta|茜木屬|t|""
1332|Rubiaceae|Pentas|五星花屬|t|""
1333|Rubiaceae|Psychotria|九節木屬|t|""
1334|Rubiaceae|Randia|茜草樹屬|t|""
1335|Rubiaceae|Richardia|擬鴨舌癀屬|t|""
1336|Rubiaceae|Rubia|茜草屬|t|""
1337|Rubiaceae|Serissa|滿天星屬|t|""
1338|Rubiaceae|Sherardia|雪亞迪草屬|t|""
1339|Rubiaceae|Sinoadina|水冬瓜屬|t|""
1340|Rubiaceae|Spermacoce|擬鴨舌癀舅屬|t|""
1341|Rubiaceae|Tarenna|玉心花屬|t|""
1342|Rubiaceae|Theligonum|纖花草屬|t|""
1343|Rubiaceae|Timonius|貝木屬|t|""
1344|Rubiaceae|Tricalysia|狗骨仔屬|t|""
1345|Rubiaceae|Uncaria|鉤藤屬|t|""
1346|Rubiaceae|Wendlandia|水錦樹屬|t|""
1347|Ruppiaceae|Ruppia|流蘇菜屬|t|""
1348|Rutaceae|Acronychia|降真香屬|t|""
1349|Rutaceae|Atalantia|烏柑屬|t|""
1350|Rutaceae|Boenninghausenia|臭節草屬|t|""
1351|Rutaceae|Citrus|柑橘屬|t|""
1352|Rutaceae|Clausena|黃皮屬|t|""
1353|Rutaceae|Fortunella|金橘屬|t|""
1354|Rutaceae|Glycosmis|石苓舅屬|t|""
1355|Rutaceae|Melicope|三腳虌屬|t|""
1356|Rutaceae|Murraya|月橘屬|t|""
1357|Rutaceae|Phellodendron|黃蘗屬|t|""
1358|Rutaceae|Severinia|烏柑屬|t|""
1359|Rutaceae|Skimmia|茵芋屬|t|""
1360|Rutaceae|Tetradium|賊仔樹屬|t|""
1361|Rutaceae|Toddalia|飛龍掌血屬|t|""
1362|Rutaceae|Zanthoxylum|花椒屬|t|""
1363|Sabiaceae|Meliosma|泡花樹屬|t|""
1364|Sabiaceae|Sabia|清風藤屬|t|""
1365|Salicaceae|Casearia|嘉賜木屬|t|""
1366|Salicaceae|Flacourtia|羅庚果屬|t|""
1367|Salicaceae|Homalium|天料木屬|t|""
1368|Salicaceae|Idesia|山桐子屬|t|""
1369|Salicaceae|Salix|柳屬|t|""
1370|Salicaceae|Scolopia|魯花樹屬|t|""
1371|Salicaceae|Xylosma|柞木屬|t|""
1372|Santalaceae|Korthalsella|檜葉寄生屬|t|""
1373|Santalaceae|Thesium|百蕊草屬|t|""
1374|Santalaceae|Viscum|槲寄生屬|t|""
1375|Sapindaceae|Acer|槭屬|t|""
1376|Sapindaceae|Allophylus|止宮樹屬|t|""
1377|Sapindaceae|Cardiospermum|倒地鈴屬|t|""
1378|Sapindaceae|Dodonaea|車桑子屬|t|""
1379|Sapindaceae|Euphoria|龍眼屬|t|""
1380|Sapindaceae|Eurycorymbus|賽欒華屬|t|""
1381|Sapindaceae|Koelreuteria|欒樹屬|t|""
1382|Sapindaceae|Litchi|荔枝屬|t|""
1383|Sapindaceae|Pometia|番龍眼屬|t|""
1384|Sapindaceae|Sapindus|無患子屬|t|""
1385|Sapotaceae|Palaquium|膞木屬|t|""
1386|Sapotaceae|Planchonella|山欖屬|t|""
1387|Saururaceae|Houttuynia|蕺菜屬|t|""
1388|Saururaceae|Saururus|三白草屬|t|""
1389|Saxifragaceae|Astilbe|落新婦屬|t|""
1390|Saxifragaceae|Chrysosplenium|貓兒眼睛草屬|t|""
1391|Saxifragaceae|Mitella|嗩吶草屬|t|""
1392|Saxifragaceae|Saxifraga|虎耳草屬|t|""
1393|Saxifragaceae|Tiarella|黃水枝屬|t|""
1394|Schisandraceae|Illicium|八角屬|t|""
1395|Schisandraceae|Kadsura|南五味子屬|t|""
1396|Schisandraceae|Schisandra|五味子屬|t|""
1397|Schoepfiaceae|Schoepfia|青皮木屬|t|""
1398|Scrophulariaceae|Buddleja|揚波屬|t|""
1399|Scrophulariaceae|Myoporum|苦藍盤屬|t|""
1400|Scrophulariaceae|Scrophularia|玄參屬|t|""
1401|Simaroubaceae|Ailanthus|樗屬|t|""
1402|Simaroubaceae|Brucea|鴉膽子屬|t|""
1403|Simaroubaceae|Picrasma|苦樹屬|t|""
1404|Smilacaceae|Heterosmilax|土茯苓屬|f|Smilax
1405|Smilacaceae|Smilax|菝葜屬|t|""
1406|Solanaceae|Brugmansia|曼陀羅木屬|t|""
1407|Solanaceae|Capsicum|辣椒屬|t|""
1408|Solanaceae|Cestrum|夜香樹屬|t|""
1409|Solanaceae|Cyphomandra|樹茄屬|t|""
1410|Solanaceae|Datura|曼陀羅屬|t|""
1411|Solanaceae|Lycianthes|紅絲線屬|t|""
1412|Solanaceae|Lycium|枸杞屬|t|""
1413|Solanaceae|Lycopersicon|番茄屬|t|""
1414|Solanaceae|Nicandra|假酸漿屬|t|""
1415|Solanaceae|Nicotiana|煙草屬|t|""
1416|Solanaceae|Physaliastrum|散血丹屬|t|""
1417|Solanaceae|Physalis|燈籠草屬|t|""
1418|Solanaceae|Solanum|茄屬|t|""
1419|Solanaceae|Tubocapsicum|龍珠屬|t|""
1420|Sphenocleaceae|Sphenoclea|尖瓣花屬|t|""
1421|Stachyuraceae|Stachyurus|通條樹屬|t|""
1422|Staphyleaceae|Euscaphis|野鴉椿屬|t|""
1423|Staphyleaceae|Turpinia|山香圓屬|t|""
1424|Stemonaceae|Stemona|百部屬|t|""
1425|Stemonuraceae|Gomphandra|毛蕊木屬|t|""
1426|Styracaceae|Alniphyllum|假赤楊屬|t|""
1427|Styracaceae|Styrax|安息香屬|t|""
1428|Symplocaceae|Symplocos|灰木屬|t|""
1429|Talinaceae|Talinum|土人參屬|t|""
1430|Tamaricaceae|Tamarix|檉柳屬|t|""
1431|Theaceae|Camellia|山茶屬|t|""
1432|Theaceae|Gordonia|大頭茶屬|t|""
1433|Theaceae|Pyrenaria|烏皮茶屬|t|""
1434|Theaceae|Schima|木荷屬|t|""
1435|Thymelaeaceae|Daphne|瑞香屬|t|""
1436|Thymelaeaceae|Diplomorpha|毛花屬|t|""
1437|Thymelaeaceae|Stellera|狼毒屬|t|""
1438|Thymelaeaceae|Wikstroemia|蕘花屬|t|""
1439|Triuridaceae|Sciaphila|霉草屬|t|""
1440|Trochodendraceae|Trochodendron|昆欄樹屬|t|""
1441|Typhaceae|Sparganium|黑三稜屬|t|""
1442|Typhaceae|Typha|香蒲屬|t|""
1443|Ulmaceae|Ulmus|榆屬|t|""
1444|Ulmaceae|Zelkova|櫸屬|t|""
1445|Urticaceae|Boehmeria|苧麻屬|t|""
1446|Urticaceae|Chamabainia|蟲蟻麻屬|t|""
1447|Urticaceae|Cypholophus|瘤冠麻屬|t|""
1448|Urticaceae|Debregeasia|水麻屬|t|""
1449|Urticaceae|Dendrocnide|咬人狗屬|t|""
1450|Urticaceae|Droguetia|單蕊麻屬|t|""
1451|Urticaceae|Elatostema|樓梯草屬|t|""
1452|Urticaceae|Girardinia|蠍子草屬|t|""
1453|Urticaceae|Gonostegia|石薯屬|t|""
1454|Urticaceae|Laportea|桑葉麻屬|t|""
1455|Urticaceae|Lecanthus|盤花麻屬|t|""
1456|Urticaceae|Leucosyke|四脈麻屬|t|""
1457|Urticaceae|Maoutia|水絲麻屬|t|""
1458|Urticaceae|Nanocnide|花點草屬|t|""
1459|Urticaceae|Oreocnide|紫麻屬|t|""
1460|Urticaceae|Parietaria|牆草屬|t|""
1461|Urticaceae|Pellionia|赤車使者屬|t|""
1462|Urticaceae|Pilea|冷水麻屬|t|""
1463|Urticaceae|Pipturus|落尾麻屬|t|""
1464|Urticaceae|Poikilospermum|錐頭麻屬|t|""
1465|Urticaceae|Pouzolzia|霧水葛屬|t|""
1466|Urticaceae|Procris|烏來麻屬|t|""
1467|Urticaceae|Urtica|蕁麻屬|t|""
1468|Verbenaceae|Duranta|假連翹屬|t|""
1469|Verbenaceae|Lantana|馬櫻丹屬|t|""
1470|Verbenaceae|Phyla|鴨舌癀屬|t|""
1471|Verbenaceae|Stachytarpheta|木馬鞭屬|t|""
1472|Verbenaceae|Verbena|馬鞭草屬|t|""
1473|Violaceae|Hybanthus|鼠鞭草屬|t|""
1474|Violaceae|Viola|菫菜屬|t|""
1475|Vitaceae|Ampelopsis|山葡萄屬|t|""
1476|Vitaceae|Cayratia|虎葛屬|t|""
1477|Vitaceae|Cissus|粉藤屬|t|""
1478|Vitaceae|Leea|火筒樹屬|t|""
1479|Vitaceae|Parthenocissus|地錦屬|t|""
1480|Vitaceae|Tetrastigma|崖爬藤屬|t|""
1481|Vitaceae|Vitis|葡萄屬|t|""
1482|Xyridaceae|Xyris|茐草屬|t|""
1483|Zingiberaceae|Alpinia|月桃屬|t|""
1484|Zingiberaceae|Curcuma|薑黃屬|t|""
1485|Zingiberaceae|Hedychium|蝴蝶薑屬|t|""
1486|Zingiberaceae|Languas|山薑屬|t|""
1487|Zingiberaceae|Vanoverberghia|法氏薑屬|t|""
1488|Zingiberaceae|Zingiber|薑屬|t|""
1489|Zosteraceae|Zostera|甘藻屬|t|""
1490|Zygophyllaceae|Tribulus|蒺藜屬|t|""
